Date,Server,Database,DB_Size_GB
2020-01-01,Server_B,DB_Inventory,9.1
2020-01-02,Server_A,DB_Analytics,10.68
2020-01-04,Server_A,DB_Finance,10.87
2020-01-05,Server_C,DB_Inventory,12.21
2020-01-08,Server_C,DB_Analytics,7.57
2020-01-08,Server_A,DB_Inventory,12.83
2020-01-10,Server_B,DB_Inventory,8.19
2020-01-12,Server_B,DB_HR,10.48
2020-01-12,Server_C,DB_Sales,8.79
2020-01-13,Server_A,DB_Sales,10.94
2020-01-14,Server_A,DB_HR,8.37
2020-01-14,Server_C,DB_Inventory,12.85
2020-01-16,Server_C,DB_Inventory,10.07
2020-01-18,Server_C,DB_Sales,10.57
2020-01-19,Server_A,DB_HR,8.51
2020-01-20,Server_B,DB_Analytics,7.98
2020-01-21,Server_A,DB_Sales,12.5
2020-01-21,Server_C,DB_Analytics,12.53
2020-01-22,Server_A,DB_Sales,9.49
2020-01-23,Server_A,DB_Inventory,8.64
2020-01-24,Server_B,DB_Inventory,12.23
2020-01-25,Server_B,DB_Sales,4.74
2020-01-25,Server_B,DB_HR,8.61
2020-01-25,Server_B,DB_Inventory,13.65
2020-01-27,Server_A,DB_Finance,11.08
2020-01-27,Server_C,DB_HR,10.37
2020-01-28,Server_B,DB_Finance,10.69
2020-01-30,Server_B,DB_Sales,11.08
2020-01-30,Server_B,DB_Finance,9.76
2020-01-31,Server_C,DB_Sales,12.8
2020-01-31,Server_A,DB_Analytics,9.93
2020-01-31,Server_B,DB_Analytics,8.01
2020-02-01,Server_A,DB_Finance,8.28
2020-02-01,Server_A,DB_Finance,9.57
2020-02-03,Server_A,DB_HR,8.45
2020-02-03,Server_C,DB_Sales,7.68
2020-02-03,Server_A,DB_Finance,8.26
2020-02-04,Server_A,DB_Inventory,11.73
2020-02-04,Server_B,DB_Sales,9.08
2020-02-06,Server_C,DB_Finance,9.62
2020-02-06,Server_A,DB_Analytics,9.08
2020-02-06,Server_C,DB_HR,9.04
2020-02-06,Server_C,DB_Sales,8.09
2020-02-08,Server_B,DB_HR,5.36
2020-02-08,Server_B,DB_Sales,10.53
2020-02-09,Server_B,DB_Analytics,9.2
2020-02-10,Server_C,DB_Analytics,9.62
2020-02-11,Server_A,DB_HR,7.02
2020-02-11,Server_B,DB_Finance,13.25
2020-02-12,Server_C,DB_HR,10.2
2020-02-13,Server_C,DB_Finance,9.62
2020-02-14,Server_B,DB_HR,10.22
2020-02-15,Server_A,DB_Sales,9.82
2020-02-15,Server_B,DB_Sales,8.41
2020-02-15,Server_C,DB_Inventory,11.43
2020-02-17,Server_C,DB_HR,9.55
2020-02-18,Server_A,DB_Finance,6.6
2020-02-18,Server_A,DB_Inventory,12.94
2020-02-19,Server_C,DB_HR,10.35
2020-02-21,Server_A,DB_Inventory,13.46
2020-02-21,Server_A,DB_Analytics,10.03
2020-02-22,Server_C,DB_HR,10.92
2020-02-22,Server_C,DB_Sales,11.04
2020-02-22,Server_A,DB_Finance,8.23
2020-02-23,Server_A,DB_Analytics,11.02
2020-02-25,Server_C,DB_Analytics,9.84
2020-02-26,Server_A,DB_Sales,9.68
2020-02-26,Server_B,DB_Analytics,11.85
2020-02-27,Server_B,DB_Finance,8.28
2020-02-28,Server_A,DB_Inventory,13.24
2020-02-28,Server_A,DB_HR,11.75
2020-02-29,Server_B,DB_Inventory,9.49
2020-03-02,Server_B,DB_HR,10.83
2020-03-03,Server_C,DB_HR,9.26
2020-03-04,Server_C,DB_Sales,11.76
2020-03-05,Server_B,DB_Sales,10.01
2020-03-05,Server_B,DB_Finance,12.38
2020-03-06,Server_A,DB_Finance,8.08
2020-03-06,Server_C,DB_Analytics,12.21
2020-03-07,Server_A,DB_HR,11.31
2020-03-08,Server_C,DB_Analytics,9.27
2020-03-09,Server_A,DB_Analytics,14.75
2020-03-09,Server_C,DB_Sales,13.46
2020-03-11,Server_A,DB_Analytics,9.35
2020-03-11,Server_C,DB_HR,13.74
2020-03-12,Server_C,DB_Analytics,7.98
2020-03-13,Server_B,DB_Analytics,8.5
2020-03-13,Server_B,DB_Sales,3.97
2020-03-13,Server_C,DB_Analytics,7.15
2020-03-14,Server_B,DB_HR,12.3
2020-03-15,Server_B,DB_Sales,15.09
2020-03-16,Server_C,DB_Finance,13.21
2020-03-17,Server_C,DB_Inventory,5.93
2020-03-18,Server_C,DB_Inventory,12.01
2020-03-20,Server_C,DB_Sales,11.94
2020-03-20,Server_A,DB_Analytics,9.21
2020-03-21,Server_A,DB_HR,9.91
2020-03-23,Server_B,DB_Sales,12.24
2020-03-23,Server_C,DB_Finance,15.49
2020-03-24,Server_C,DB_Sales,10.97
2020-03-24,Server_A,DB_HR,9.06
2020-03-25,Server_C,DB_Finance,7.87
2020-03-25,Server_B,DB_Analytics,7.55
2020-03-26,Server_A,DB_Sales,6.91
2020-03-26,Server_C,DB_Sales,12.48
2020-03-26,Server_A,DB_Sales,11.02
2020-03-27,Server_C,DB_Inventory,8.03
2020-03-27,Server_B,DB_Sales,13.28
2020-03-27,Server_B,DB_Sales,11.63
2020-03-28,Server_C,DB_Analytics,7.72
2020-03-28,Server_B,DB_Sales,12.91
2020-03-30,Server_C,DB_Finance,11.5
2020-03-30,Server_A,DB_Sales,10.04
2020-04-05,Server_C,DB_HR,10.92
2020-04-06,Server_B,DB_HR,10.77
2020-04-07,Server_C,DB_HR,9.39
2020-04-07,Server_C,DB_Sales,12.77
2020-04-07,Server_A,DB_Inventory,6.59
2020-04-09,Server_B,DB_Inventory,11.75
2020-04-11,Server_B,DB_Analytics,12.23
2020-04-12,Server_C,DB_HR,11.65
2020-04-15,Server_C,DB_Sales,10.09
2020-04-15,Server_B,DB_Inventory,10.81
2020-04-15,Server_A,DB_Analytics,9.16
2020-04-15,Server_A,DB_Finance,8.46
2020-04-15,Server_A,DB_Finance,7.73
2020-04-18,Server_C,DB_HR,9.65
2020-04-20,Server_B,DB_HR,12.13
2020-04-20,Server_B,DB_Inventory,13.25
2020-04-21,Server_A,DB_Inventory,13.06
2020-04-22,Server_A,DB_Inventory,11.68
2020-04-22,Server_B,DB_HR,8.0
2020-04-23,Server_B,DB_Sales,11.84
2020-04-24,Server_A,DB_HR,10.7
2020-04-25,Server_A,DB_Sales,12.11
2020-04-25,Server_B,DB_Analytics,11.37
2020-04-26,Server_C,DB_Inventory,11.26
2020-04-27,Server_A,DB_HR,7.51
2020-04-28,Server_C,DB_Inventory,9.65
2020-04-29,Server_A,DB_Inventory,12.6
2020-04-29,Server_B,DB_Analytics,10.57
2020-04-30,Server_A,DB_Analytics,9.31
2020-05-01,Server_A,DB_Inventory,5.53
2020-05-01,Server_B,DB_Finance,11.08
2020-05-02,Server_B,DB_Finance,8.83
2020-05-03,Server_C,DB_Sales,8.94
2020-05-04,Server_B,DB_HR,10.13
2020-05-06,Server_A,DB_Analytics,10.07
2020-05-06,Server_B,DB_HR,10.93
2020-05-07,Server_A,DB_Inventory,11.19
2020-05-09,Server_B,DB_Analytics,9.11
2020-05-11,Server_B,DB_Inventory,7.75
2020-05-13,Server_B,DB_Inventory,13.07
2020-05-15,Server_A,DB_Finance,8.6
2020-05-15,Server_B,DB_Inventory,11.42
2020-05-16,Server_C,DB_Finance,13.06
2020-05-19,Server_B,DB_Analytics,10.99
2020-05-19,Server_A,DB_Inventory,9.51
2020-05-19,Server_B,DB_Inventory,14.4
2020-05-20,Server_B,DB_Analytics,16.44
2020-05-21,Server_A,DB_Sales,11.57
2020-05-21,Server_A,DB_Sales,10.54
2020-05-22,Server_B,DB_Finance,12.41
2020-05-23,Server_C,DB_Analytics,14.6
2020-05-25,Server_C,DB_HR,9.19
2020-05-25,Server_C,DB_Sales,13.29
2020-06-01,Server_C,DB_Analytics,12.34
2020-06-03,Server_C,DB_Finance,10.86
2020-06-04,Server_B,DB_Analytics,11.57
2020-06-05,Server_C,DB_HR,11.2
2020-06-05,Server_B,DB_Inventory,13.28
2020-06-06,Server_B,DB_Analytics,13.91
2020-06-07,Server_B,DB_Analytics,13.17
2020-06-08,Server_B,DB_Inventory,10.13
2020-06-10,Server_C,DB_Inventory,10.87
2020-06-10,Server_C,DB_HR,8.7
2020-06-12,Server_A,DB_Inventory,11.24
2020-06-12,Server_A,DB_Analytics,11.64
2020-06-13,Server_B,DB_Sales,11.92
2020-06-14,Server_B,DB_Analytics,9.42
2020-06-15,Server_A,DB_Inventory,13.03
2020-06-15,Server_A,DB_HR,9.65
2020-06-15,Server_B,DB_HR,13.98
2020-06-16,Server_C,DB_HR,9.66
2020-06-17,Server_A,DB_HR,10.76
2020-06-17,Server_C,DB_Analytics,12.84
2020-06-18,Server_C,DB_Sales,9.53
2020-06-21,Server_A,DB_Sales,13.7
2020-06-24,Server_B,DB_Analytics,11.15
2020-06-26,Server_C,DB_Sales,10.85
2020-06-29,Server_A,DB_Analytics,10.92
2020-06-29,Server_A,DB_Analytics,10.36
2020-06-29,Server_B,DB_Analytics,12.92
2020-06-30,Server_B,DB_Finance,11.29
2020-06-30,Server_A,DB_Inventory,12.4
2020-07-01,Server_C,DB_Inventory,13.14
2020-07-01,Server_C,DB_Finance,13.63
2020-07-02,Server_B,DB_Analytics,10.96
2020-07-02,Server_A,DB_HR,13.15
2020-07-03,Server_C,DB_Finance,12.31
2020-07-03,Server_B,DB_HR,7.44
2020-07-04,Server_B,DB_Finance,11.61
2020-07-06,Server_B,DB_Inventory,14.48
2020-07-06,Server_B,DB_Inventory,13.24
2020-07-06,Server_C,DB_Inventory,15.48
2020-07-07,Server_A,DB_Inventory,15.44
2020-07-07,Server_A,DB_Inventory,13.18
2020-07-08,Server_A,DB_Inventory,12.46
2020-07-08,Server_A,DB_Finance,14.59
2020-07-10,Server_C,DB_HR,9.23
2020-07-10,Server_A,DB_Sales,10.95
2020-07-10,Server_B,DB_HR,10.74
2020-07-11,Server_C,DB_Sales,13.41
2020-07-14,Server_A,DB_Analytics,11.25
2020-07-16,Server_C,DB_Sales,12.05
2020-07-16,Server_B,DB_Analytics,11.24
2020-07-16,Server_A,DB_Sales,13.39
2020-07-17,Server_C,DB_Analytics,10.69
2020-07-18,Server_C,DB_Sales,9.07
2020-07-21,Server_C,DB_Sales,13.31
2020-07-21,Server_C,DB_Inventory,12.53
2020-07-21,Server_A,DB_Finance,12.26
2020-07-24,Server_A,DB_Finance,11.2
2020-07-26,Server_C,DB_Finance,13.04
2020-07-26,Server_A,DB_Finance,9.18
2020-07-26,Server_A,DB_Analytics,8.82
2020-07-26,Server_C,DB_Finance,12.95
2020-07-27,Server_B,DB_Finance,17.95
2020-07-27,Server_B,DB_Inventory,10.72
2020-07-28,Server_C,DB_Inventory,11.85
2020-07-28,Server_B,DB_Analytics,12.28
2020-07-29,Server_A,DB_Finance,12.81
2020-07-30,Server_B,DB_Finance,10.85
2020-07-31,Server_C,DB_Finance,12.98
2020-08-02,Server_A,DB_HR,8.38
2020-08-03,Server_B,DB_Finance,12.02
2020-08-03,Server_B,DB_Finance,13.2
2020-08-03,Server_C,DB_HR,11.51
2020-08-04,Server_B,DB_Sales,10.85
2020-08-05,Server_B,DB_Analytics,14.43
2020-08-05,Server_B,DB_HR,11.92
2020-08-06,Server_B,DB_Inventory,9.06
2020-08-06,Server_C,DB_Inventory,11.77
2020-08-06,Server_A,DB_Inventory,13.6
2020-08-07,Server_C,DB_HR,12.44
2020-08-09,Server_A,DB_Finance,13.01
2020-08-09,Server_B,DB_Sales,12.44
2020-08-11,Server_A,DB_Finance,11.79
2020-08-11,Server_B,DB_Sales,9.66
2020-08-11,Server_C,DB_Sales,9.58
2020-08-12,Server_A,DB_Inventory,12.08
2020-08-12,Server_C,DB_Finance,13.75
2020-08-14,Server_B,DB_Finance,6.18
2020-08-15,Server_A,DB_Sales,10.99
2020-08-15,Server_B,DB_Inventory,12.68
2020-08-16,Server_B,DB_HR,11.47
2020-08-17,Server_C,DB_HR,10.75
2020-08-19,Server_C,DB_Inventory,10.21
2020-08-19,Server_B,DB_Sales,12.35
2020-08-20,Server_C,DB_Sales,12.69
2020-08-21,Server_C,DB_Inventory,10.98
2020-08-21,Server_C,DB_Sales,10.76
2020-08-23,Server_B,DB_Sales,9.48
2020-08-26,Server_A,DB_Sales,12.61
2020-08-26,Server_B,DB_Inventory,11.73
2020-08-27,Server_C,DB_Analytics,13.64
2020-08-30,Server_C,DB_Analytics,8.1
2020-09-01,Server_C,DB_HR,13.46
2020-09-01,Server_C,DB_Analytics,12.64
2020-09-06,Server_C,DB_Inventory,13.42
2020-09-07,Server_C,DB_HR,14.07
2020-09-08,Server_C,DB_HR,9.58
2020-09-10,Server_B,DB_HR,11.4
2020-09-14,Server_B,DB_Sales,14.77
2020-09-15,Server_C,DB_HR,12.77
2020-09-16,Server_C,DB_Sales,12.29
2020-09-16,Server_B,DB_Finance,9.63
2020-09-17,Server_C,DB_Sales,12.92
2020-09-17,Server_B,DB_Analytics,15.19
2020-09-17,Server_C,DB_HR,13.08
2020-09-18,Server_C,DB_HR,8.76
2020-09-19,Server_C,DB_Sales,10.6
2020-09-19,Server_A,DB_Finance,13.02
2020-09-20,Server_C,DB_Analytics,10.55
2020-09-21,Server_A,DB_Finance,11.78
2020-09-22,Server_A,DB_Sales,14.36
2020-09-22,Server_B,DB_Finance,14.27
2020-09-22,Server_A,DB_Analytics,10.94
2020-09-23,Server_C,DB_Finance,17.39
2020-09-23,Server_C,DB_Sales,13.49
2020-09-24,Server_C,DB_Analytics,11.41
2020-09-24,Server_C,DB_Finance,12.66
2020-09-24,Server_B,DB_Inventory,10.34
2020-09-25,Server_B,DB_Analytics,12.29
2020-09-26,Server_C,DB_HR,12.77
2020-09-26,Server_A,DB_Finance,13.04
2020-09-29,Server_A,DB_Sales,10.73
2020-10-01,Server_C,DB_Inventory,11.38
2020-10-02,Server_B,DB_Sales,15.13
2020-10-02,Server_C,DB_Inventory,9.33
2020-10-02,Server_A,DB_HR,10.5
2020-10-03,Server_A,DB_HR,9.47
2020-10-03,Server_B,DB_Inventory,7.68
2020-10-04,Server_A,DB_Analytics,15.89
2020-10-05,Server_A,DB_Finance,12.05
2020-10-08,Server_C,DB_Analytics,15.26
2020-10-09,Server_A,DB_Sales,8.01
2020-10-09,Server_B,DB_Finance,11.99
2020-10-09,Server_A,DB_Inventory,12.95
2020-10-11,Server_B,DB_Inventory,10.26
2020-10-12,Server_A,DB_Sales,12.89
2020-10-13,Server_B,DB_Sales,10.63
2020-10-14,Server_A,DB_Sales,13.14
2020-10-14,Server_C,DB_Inventory,12.85
2020-10-15,Server_B,DB_Inventory,13.52
2020-10-16,Server_C,DB_HR,14.35
2020-10-17,Server_B,DB_HR,11.0
2020-10-21,Server_C,DB_Inventory,13.12
2020-10-21,Server_A,DB_HR,16.85
2020-10-23,Server_C,DB_Finance,11.3
2020-10-25,Server_A,DB_Inventory,9.96
2020-10-26,Server_B,DB_Analytics,11.55
2020-10-28,Server_C,DB_Inventory,13.18
2020-10-30,Server_B,DB_Analytics,18.53
2020-10-30,Server_B,DB_HR,13.93
2020-11-01,Server_A,DB_Sales,10.44
2020-11-01,Server_B,DB_HR,8.57
2020-11-03,Server_C,DB_Sales,13.07
2020-11-04,Server_C,DB_Analytics,9.77
2020-11-06,Server_C,DB_Analytics,8.27
2020-11-07,Server_B,DB_HR,11.35
2020-11-08,Server_A,DB_HR,11.08
2020-11-08,Server_A,DB_Analytics,13.27
2020-11-11,Server_A,DB_HR,13.19
2020-11-14,Server_B,DB_HR,11.79
2020-11-15,Server_C,DB_Analytics,14.05
2020-11-16,Server_A,DB_Analytics,15.98
2020-11-18,Server_A,DB_Analytics,8.31
2020-11-19,Server_A,DB_Inventory,11.37
2020-11-22,Server_A,DB_HR,15.42
2020-11-23,Server_C,DB_Sales,14.71
2020-11-23,Server_A,DB_Analytics,15.0
2020-11-25,Server_B,DB_Sales,9.22
2020-11-26,Server_B,DB_Inventory,12.68
2020-11-27,Server_A,DB_Finance,13.4
2020-11-29,Server_C,DB_Inventory,12.57
2020-11-29,Server_B,DB_Finance,11.24
2020-11-29,Server_B,DB_Finance,16.35
2020-11-30,Server_C,DB_Finance,10.37
2020-12-02,Server_C,DB_Finance,13.9
2020-12-02,Server_A,DB_Analytics,15.22
2020-12-04,Server_C,DB_Finance,14.96
2020-12-04,Server_B,DB_Inventory,14.13
2020-12-10,Server_C,DB_Finance,11.99
2020-12-10,Server_B,DB_Sales,12.51
2020-12-10,Server_C,DB_HR,14.28
2020-12-12,Server_B,DB_Analytics,10.9
2020-12-12,Server_B,DB_Inventory,12.47
2020-12-13,Server_C,DB_Sales,14.06
2020-12-14,Server_C,DB_Analytics,13.69
2020-12-15,Server_C,DB_Analytics,12.41
2020-12-15,Server_B,DB_Analytics,8.56
2020-12-15,Server_A,DB_Analytics,11.58
2020-12-18,Server_A,DB_Sales,12.4
2020-12-18,Server_B,DB_Inventory,17.43
2020-12-19,Server_A,DB_Sales,13.62
2020-12-20,Server_C,DB_Sales,16.18
2020-12-20,Server_A,DB_Inventory,10.06
2020-12-21,Server_B,DB_Analytics,15.86
2020-12-21,Server_C,DB_Sales,15.48
2020-12-22,Server_C,DB_Analytics,11.42
2020-12-22,Server_B,DB_Sales,16.01
2020-12-23,Server_A,DB_Inventory,12.28
2020-12-23,Server_C,DB_Sales,12.73
2020-12-23,Server_B,DB_Inventory,10.02
2020-12-24,Server_B,DB_Analytics,13.48
2020-12-25,Server_C,DB_Sales,7.69
2020-12-28,Server_A,DB_Analytics,12.52
2020-12-29,Server_B,DB_Analytics,12.31
2020-12-31,Server_B,DB_Analytics,10.74
2021-01-01,Server_B,DB_Inventory,13.53
2021-01-01,Server_A,DB_Sales,13.21
2021-01-01,Server_B,DB_Inventory,16.33
2021-01-04,Server_C,DB_Analytics,18.13
2021-01-04,Server_B,DB_Analytics,11.26
2021-01-05,Server_C,DB_Sales,13.89
2021-01-07,Server_A,DB_Finance,15.66
2021-01-10,Server_C,DB_Analytics,11.66
2021-01-10,Server_C,DB_Inventory,10.25
2021-01-11,Server_A,DB_Analytics,9.83
2021-01-12,Server_A,DB_HR,14.48
2021-01-12,Server_C,DB_Finance,12.82
2021-01-17,Server_A,DB_Sales,15.78
2021-01-18,Server_B,DB_Sales,12.7
2021-01-19,Server_A,DB_HR,16.37
2021-01-20,Server_C,DB_Analytics,13.08
2021-01-20,Server_B,DB_HR,17.41
2021-01-20,Server_C,DB_Analytics,8.75
2021-01-22,Server_B,DB_Analytics,16.0
2021-01-22,Server_B,DB_Sales,15.7
2021-01-22,Server_C,DB_Analytics,15.16
2021-01-23,Server_A,DB_Finance,14.51
2021-01-23,Server_C,DB_Analytics,16.03
2021-01-25,Server_C,DB_HR,11.67
2021-01-25,Server_C,DB_Inventory,12.89
2021-01-25,Server_B,DB_Inventory,14.77
2021-01-26,Server_A,DB_Finance,8.8
2021-01-27,Server_C,DB_Sales,15.28
2021-01-27,Server_C,DB_Inventory,13.24
2021-01-28,Server_A,DB_Inventory,13.62
2021-01-29,Server_C,DB_HR,14.98
2021-01-29,Server_B,DB_Inventory,9.99
2021-01-30,Server_C,DB_Finance,12.76
2021-01-30,Server_B,DB_Finance,17.04
2021-02-04,Server_C,DB_HR,16.3
2021-02-05,Server_B,DB_Sales,15.55
2021-02-06,Server_C,DB_HR,11.23
2021-02-09,Server_B,DB_Inventory,11.85
2021-02-09,Server_C,DB_Inventory,16.75
2021-02-10,Server_A,DB_Sales,12.59
2021-02-10,Server_A,DB_Sales,13.84
2021-02-10,Server_C,DB_HR,12.48
2021-02-11,Server_A,DB_Analytics,13.7
2021-02-13,Server_A,DB_Inventory,10.92
2021-02-14,Server_C,DB_Sales,12.95
2021-02-16,Server_C,DB_Finance,12.98
2021-02-18,Server_B,DB_Analytics,11.81
2021-02-18,Server_C,DB_HR,10.04
2021-02-18,Server_B,DB_Analytics,16.59
2021-02-18,Server_A,DB_Analytics,12.14
2021-02-19,Server_A,DB_Finance,13.32
2021-02-19,Server_C,DB_Sales,13.78
2021-02-20,Server_B,DB_Inventory,14.84
2021-02-20,Server_B,DB_HR,10.85
2021-02-23,Server_C,DB_Analytics,15.43
2021-02-24,Server_B,DB_Finance,10.3
2021-02-25,Server_A,DB_HR,9.65
2021-02-25,Server_C,DB_Sales,15.8
2021-02-26,Server_A,DB_Analytics,11.59
2021-02-26,Server_C,DB_Finance,10.04
2021-02-27,Server_C,DB_Inventory,13.57
2021-02-28,Server_C,DB_HR,8.63
2021-03-01,Server_A,DB_HR,15.44
2021-03-02,Server_C,DB_HR,12.44
2021-03-02,Server_C,DB_HR,11.84
2021-03-04,Server_A,DB_Sales,14.64
2021-03-07,Server_A,DB_Finance,14.13
2021-03-08,Server_C,DB_Inventory,15.59
2021-03-10,Server_A,DB_Inventory,15.21
2021-03-10,Server_C,DB_HR,10.24
2021-03-12,Server_C,DB_HR,11.98
2021-03-14,Server_B,DB_Analytics,12.41
2021-03-14,Server_A,DB_Inventory,17.28
2021-03-15,Server_C,DB_Sales,15.34
2021-03-16,Server_C,DB_Sales,9.0
2021-03-17,Server_B,DB_Inventory,12.65
2021-03-17,Server_B,DB_HR,15.92
2021-03-18,Server_A,DB_Inventory,9.77
2021-03-22,Server_C,DB_HR,12.23
2021-03-22,Server_A,DB_Inventory,16.42
2021-03-23,Server_A,DB_Sales,17.01
2021-03-24,Server_A,DB_Inventory,12.8
2021-03-24,Server_B,DB_Analytics,13.48
2021-03-27,Server_B,DB_HR,13.26
2021-03-29,Server_B,DB_Finance,13.57
2021-04-01,Server_A,DB_Sales,12.63
2021-04-03,Server_A,DB_Inventory,12.13
2021-04-04,Server_C,DB_HR,11.41
2021-04-04,Server_A,DB_HR,9.6
2021-04-05,Server_C,DB_HR,10.83
2021-04-05,Server_A,DB_HR,12.38
2021-04-05,Server_A,DB_Sales,14.69
2021-04-07,Server_A,DB_Finance,13.46
2021-04-07,Server_A,DB_Sales,13.8
2021-04-09,Server_C,DB_Sales,16.55
2021-04-11,Server_B,DB_Inventory,12.39
2021-04-14,Server_A,DB_HR,16.05
2021-04-15,Server_A,DB_Analytics,19.17
2021-04-15,Server_B,DB_Finance,13.05
2021-04-15,Server_A,DB_Analytics,17.09
2021-04-15,Server_B,DB_Finance,9.77
2021-04-16,Server_A,DB_HR,11.9
2021-04-17,Server_C,DB_HR,17.61
2021-04-17,Server_C,DB_Sales,14.79
2021-04-18,Server_C,DB_Inventory,16.97
2021-04-19,Server_B,DB_Sales,12.09
2021-04-20,Server_C,DB_Finance,15.43
2021-04-20,Server_B,DB_Sales,19.92
2021-04-21,Server_B,DB_Finance,12.51
2021-04-21,Server_C,DB_Sales,17.93
2021-04-22,Server_B,DB_HR,13.64
2021-04-23,Server_A,DB_Finance,14.16
2021-04-24,Server_A,DB_HR,15.46
2021-04-25,Server_C,DB_Inventory,17.28
2021-04-25,Server_C,DB_Sales,17.17
2021-04-26,Server_B,DB_HR,12.82
2021-04-27,Server_B,DB_HR,15.32
2021-04-28,Server_C,DB_Analytics,19.28
2021-04-29,Server_A,DB_Inventory,8.56
2021-04-29,Server_A,DB_Sales,12.49
2021-04-30,Server_A,DB_Analytics,6.9
2021-05-03,Server_A,DB_HR,14.65
2021-05-04,Server_B,DB_HR,14.45
2021-05-04,Server_A,DB_Analytics,13.86
2021-05-04,Server_B,DB_Finance,14.68
2021-05-04,Server_B,DB_Finance,11.41
2021-05-06,Server_A,DB_Analytics,13.34
2021-05-09,Server_A,DB_HR,9.3
2021-05-10,Server_A,DB_HR,12.19
2021-05-10,Server_A,DB_HR,9.82
2021-05-11,Server_C,DB_HR,17.19
2021-05-12,Server_C,DB_Inventory,14.24
2021-05-13,Server_C,DB_HR,14.37
2021-05-13,Server_C,DB_Sales,11.93
2021-05-14,Server_B,DB_Finance,12.61
2021-05-15,Server_C,DB_Analytics,14.74
2021-05-16,Server_B,DB_Finance,11.55
2021-05-16,Server_C,DB_Inventory,14.19
2021-05-18,Server_B,DB_HR,13.65
2021-05-19,Server_B,DB_Finance,12.87
2021-05-19,Server_C,DB_HR,13.93
2021-05-20,Server_A,DB_Finance,14.99
2021-05-22,Server_C,DB_HR,18.37
2021-05-23,Server_C,DB_HR,12.99
2021-05-24,Server_C,DB_Analytics,17.5
2021-05-28,Server_B,DB_Sales,18.27
2021-05-30,Server_B,DB_Inventory,13.96
2021-06-01,Server_C,DB_Analytics,15.89
2021-06-02,Server_B,DB_Finance,11.5
2021-06-02,Server_A,DB_HR,11.74
2021-06-03,Server_B,DB_Inventory,16.25
2021-06-04,Server_A,DB_Finance,11.05
2021-06-04,Server_B,DB_Inventory,9.51
2021-06-05,Server_A,DB_HR,14.55
2021-06-06,Server_B,DB_Finance,19.95
2021-06-07,Server_C,DB_HR,12.83
2021-06-07,Server_B,DB_Sales,17.93
2021-06-09,Server_C,DB_Analytics,10.02
2021-06-10,Server_B,DB_Analytics,13.26
2021-06-10,Server_B,DB_Analytics,16.34
2021-06-12,Server_B,DB_Finance,11.0
2021-06-13,Server_B,DB_Analytics,13.27
2021-06-13,Server_B,DB_Analytics,11.58
2021-06-13,Server_C,DB_Analytics,13.44
2021-06-14,Server_A,DB_HR,16.57
2021-06-14,Server_B,DB_Analytics,13.29
2021-06-14,Server_C,DB_HR,17.38
2021-06-15,Server_C,DB_Inventory,17.92
2021-06-17,Server_A,DB_Inventory,16.05
2021-06-18,Server_B,DB_Finance,13.25
2021-06-19,Server_C,DB_Sales,12.21
2021-06-19,Server_C,DB_Inventory,10.26
2021-06-19,Server_A,DB_Sales,16.41
2021-06-20,Server_A,DB_Finance,13.95
2021-06-20,Server_B,DB_Analytics,15.48
2021-06-21,Server_B,DB_Inventory,14.1
2021-06-21,Server_B,DB_Finance,12.72
2021-06-21,Server_A,DB_Sales,12.66
2021-06-21,Server_A,DB_Inventory,11.84
2021-06-21,Server_B,DB_Finance,9.78
2021-06-21,Server_C,DB_HR,18.08
2021-06-22,Server_A,DB_Inventory,8.56
2021-06-24,Server_A,DB_Finance,14.96
2021-06-24,Server_B,DB_Analytics,11.22
2021-06-24,Server_B,DB_Sales,14.99
2021-06-25,Server_C,DB_HR,14.64
2021-06-26,Server_B,DB_Sales,10.09
2021-06-28,Server_A,DB_Analytics,11.02
2021-06-29,Server_B,DB_Sales,12.83
2021-06-29,Server_C,DB_Analytics,16.01
2021-06-29,Server_A,DB_Analytics,12.1
2021-06-30,Server_B,DB_Inventory,11.98
2021-06-30,Server_B,DB_Analytics,21.75
2021-07-01,Server_B,DB_HR,14.85
2021-07-01,Server_C,DB_Analytics,16.55
2021-07-01,Server_A,DB_Inventory,13.69
2021-07-02,Server_C,DB_Sales,15.75
2021-07-03,Server_C,DB_HR,10.13
2021-07-04,Server_B,DB_Sales,13.62
2021-07-05,Server_A,DB_Analytics,11.0
2021-07-05,Server_B,DB_Analytics,13.73
2021-07-06,Server_C,DB_Inventory,12.43
2021-07-09,Server_A,DB_Inventory,13.68
2021-07-09,Server_A,DB_HR,15.75
2021-07-11,Server_A,DB_Sales,10.58
2021-07-12,Server_A,DB_HR,17.15
2021-07-12,Server_C,DB_Finance,11.52
2021-07-14,Server_C,DB_Inventory,19.01
2021-07-15,Server_C,DB_HR,15.2
2021-07-15,Server_B,DB_Finance,16.54
2021-07-16,Server_A,DB_Sales,13.71
2021-07-16,Server_A,DB_Sales,13.41
2021-07-17,Server_A,DB_HR,15.97
2021-07-18,Server_A,DB_HR,12.88
2021-07-21,Server_A,DB_Inventory,13.72
2021-07-23,Server_A,DB_Analytics,16.49
2021-07-24,Server_B,DB_Analytics,12.36
2021-07-25,Server_C,DB_HR,13.44
2021-07-27,Server_B,DB_Inventory,11.65
2021-07-28,Server_C,DB_Inventory,16.31
2021-07-28,Server_A,DB_Analytics,18.4
2021-07-29,Server_C,DB_Analytics,16.28
2021-07-30,Server_C,DB_Analytics,15.12
2021-07-30,Server_C,DB_Inventory,15.59
2021-07-31,Server_A,DB_Inventory,13.81
2021-07-31,Server_C,DB_HR,17.88
2021-08-01,Server_B,DB_Inventory,13.15
2021-08-01,Server_B,DB_Analytics,11.73
2021-08-03,Server_B,DB_Finance,10.19
2021-08-03,Server_C,DB_Analytics,11.52
2021-08-03,Server_C,DB_Inventory,20.01
2021-08-05,Server_A,DB_Inventory,17.42
2021-08-08,Server_B,DB_Analytics,20.53
2021-08-08,Server_C,DB_Sales,19.25
2021-08-10,Server_A,DB_Analytics,14.08
2021-08-11,Server_A,DB_Sales,14.35
2021-08-12,Server_B,DB_HR,12.43
2021-08-12,Server_C,DB_Sales,15.82
2021-08-13,Server_B,DB_Finance,13.57
2021-08-14,Server_B,DB_Analytics,12.73
2021-08-14,Server_A,DB_Sales,13.81
2021-08-15,Server_B,DB_Inventory,16.21
2021-08-16,Server_A,DB_Analytics,16.04
2021-08-16,Server_B,DB_HR,15.51
2021-08-19,Server_C,DB_Analytics,14.26
2021-08-19,Server_C,DB_HR,15.86
2021-08-27,Server_A,DB_HR,12.3
2021-08-27,Server_C,DB_HR,13.87
2021-08-28,Server_B,DB_Finance,18.8
2021-08-28,Server_C,DB_Finance,13.51
2021-08-28,Server_C,DB_HR,17.51
2021-08-31,Server_C,DB_Inventory,15.92
2021-09-02,Server_A,DB_Finance,17.16
2021-09-03,Server_A,DB_Sales,11.24
2021-09-05,Server_A,DB_Finance,14.58
2021-09-06,Server_B,DB_Analytics,20.07
2021-09-07,Server_B,DB_Finance,16.25
2021-09-07,Server_C,DB_Analytics,14.58
2021-09-08,Server_C,DB_Inventory,13.78
2021-09-09,Server_A,DB_Analytics,11.18
2021-09-10,Server_C,DB_HR,18.45
2021-09-10,Server_C,DB_Analytics,11.1
2021-09-13,Server_C,DB_HR,14.12
2021-09-13,Server_B,DB_Finance,14.55
2021-09-14,Server_A,DB_Inventory,13.52
2021-09-15,Server_A,DB_Inventory,11.6
2021-09-17,Server_C,DB_Sales,15.4
2021-09-17,Server_A,DB_Finance,14.69
2021-09-18,Server_A,DB_Inventory,14.41
2021-09-19,Server_B,DB_HR,14.62
2021-09-20,Server_A,DB_Finance,13.19
2021-09-20,Server_B,DB_Inventory,16.76
2021-09-21,Server_B,DB_Finance,13.75
2021-09-21,Server_A,DB_Analytics,16.66
2021-09-26,Server_B,DB_Finance,17.54
2021-09-29,Server_C,DB_Analytics,19.99
2021-09-30,Server_C,DB_Analytics,14.61
2021-10-01,Server_C,DB_Finance,13.75
2021-10-03,Server_B,DB_Inventory,15.23
2021-10-03,Server_C,DB_Inventory,11.4
2021-10-04,Server_A,DB_Inventory,10.0
2021-10-05,Server_A,DB_Analytics,17.99
2021-10-05,Server_C,DB_HR,19.13
2021-10-06,Server_C,DB_Inventory,11.08
2021-10-07,Server_B,DB_Analytics,14.77
2021-10-11,Server_A,DB_Finance,16.79
2021-10-12,Server_C,DB_Finance,13.92
2021-10-12,Server_A,DB_Inventory,14.82
2021-10-13,Server_A,DB_Sales,17.52
2021-10-13,Server_C,DB_Inventory,9.64
2021-10-15,Server_B,DB_Sales,16.46
2021-10-16,Server_C,DB_HR,13.73
2021-10-16,Server_B,DB_Inventory,16.58
2021-10-17,Server_B,DB_Inventory,16.69
2021-10-24,Server_B,DB_Finance,18.99
2021-10-26,Server_B,DB_Finance,13.2
2021-10-26,Server_A,DB_Finance,16.21
2021-10-27,Server_B,DB_HR,12.81
2021-10-29,Server_A,DB_Finance,14.16
2021-10-29,Server_C,DB_Sales,21.55
2021-11-01,Server_C,DB_HR,12.17
2021-11-02,Server_C,DB_HR,17.88
2021-11-04,Server_B,DB_Inventory,14.69
2021-11-05,Server_A,DB_Analytics,18.73
2021-11-06,Server_A,DB_HR,15.03
2021-11-06,Server_C,DB_HR,13.34
2021-11-07,Server_C,DB_Analytics,15.57
2021-11-08,Server_A,DB_HR,17.51
2021-11-08,Server_B,DB_Inventory,11.4
2021-11-09,Server_A,DB_Sales,13.87
2021-11-09,Server_A,DB_HR,15.88
2021-11-09,Server_B,DB_Analytics,16.32
2021-11-10,Server_C,DB_Finance,20.51
2021-11-11,Server_C,DB_Sales,17.94
2021-11-12,Server_C,DB_Analytics,12.93
2021-11-14,Server_A,DB_HR,14.74
2021-11-14,Server_B,DB_Finance,11.29
2021-11-16,Server_C,DB_Inventory,17.47
2021-11-18,Server_C,DB_Sales,13.3
2021-11-20,Server_A,DB_Sales,18.6
2021-11-21,Server_C,DB_Analytics,13.81
2021-11-21,Server_A,DB_Analytics,12.68
2021-11-22,Server_A,DB_HR,15.39
2021-11-22,Server_B,DB_Inventory,11.37
2021-11-24,Server_C,DB_Analytics,13.66
2021-11-26,Server_C,DB_Inventory,10.82
2021-11-29,Server_A,DB_Sales,7.69
2021-12-01,Server_C,DB_Inventory,13.3
2021-12-03,Server_A,DB_Finance,18.21
2021-12-03,Server_A,DB_Analytics,18.14
2021-12-06,Server_A,DB_Finance,12.1
2021-12-08,Server_C,DB_Finance,15.76
2021-12-09,Server_C,DB_Sales,8.62
2021-12-10,Server_A,DB_HR,15.74
2021-12-10,Server_B,DB_Sales,15.99
2021-12-11,Server_C,DB_Finance,13.4
2021-12-13,Server_A,DB_Sales,18.0
2021-12-17,Server_A,DB_Inventory,16.28
2021-12-17,Server_B,DB_Inventory,13.48
2021-12-18,Server_A,DB_HR,16.38
2021-12-18,Server_A,DB_Finance,17.58
2021-12-18,Server_B,DB_Analytics,21.06
2021-12-19,Server_C,DB_Inventory,16.59
2021-12-20,Server_B,DB_Analytics,17.21
2021-12-20,Server_A,DB_Finance,16.36
2021-12-20,Server_B,DB_Finance,11.19
2021-12-21,Server_A,DB_Analytics,17.89
2021-12-21,Server_C,DB_Sales,20.38
2021-12-23,Server_C,DB_Inventory,20.02
2021-12-23,Server_A,DB_Analytics,21.77
2021-12-25,Server_A,DB_Sales,13.71
2021-12-26,Server_C,DB_Inventory,20.55
2021-12-27,Server_A,DB_Analytics,14.09
2021-12-27,Server_C,DB_Finance,14.11
2021-12-29,Server_C,DB_Finance,15.54
2021-12-30,Server_C,DB_HR,18.04
2021-12-31,Server_A,DB_Analytics,14.77
2022-01-01,Server_C,DB_HR,15.66
2022-01-02,Server_A,DB_Finance,20.62
2022-01-03,Server_C,DB_Inventory,12.34
2022-01-03,Server_C,DB_Sales,14.57
2022-01-03,Server_C,DB_Analytics,22.89
2022-01-07,Server_C,DB_Finance,18.84
2022-01-08,Server_C,DB_Sales,21.45
2022-01-09,Server_C,DB_Analytics,20.71
2022-01-10,Server_B,DB_Sales,19.95
2022-01-10,Server_A,DB_Analytics,14.39
2022-01-10,Server_B,DB_HR,18.72
2022-01-10,Server_B,DB_Analytics,18.74
2022-01-11,Server_C,DB_Analytics,19.84
2022-01-11,Server_B,DB_Analytics,13.28
2022-01-13,Server_B,DB_Sales,18.05
2022-01-15,Server_B,DB_HR,12.64
2022-01-15,Server_A,DB_Finance,16.57
2022-01-16,Server_B,DB_Inventory,20.36
2022-01-17,Server_B,DB_Analytics,24.6
2022-01-18,Server_A,DB_Sales,17.51
2022-01-18,Server_B,DB_Finance,18.89
2022-01-20,Server_C,DB_Finance,21.25
2022-01-20,Server_A,DB_Inventory,14.43
2022-01-21,Server_A,DB_Inventory,16.97
2022-01-21,Server_A,DB_Analytics,22.41
2022-01-23,Server_A,DB_Finance,18.24
2022-01-23,Server_A,DB_Inventory,16.54
2022-01-25,Server_A,DB_Sales,13.22
2022-01-25,Server_A,DB_Inventory,17.45
2022-01-26,Server_B,DB_Analytics,19.51
2022-01-27,Server_B,DB_Sales,10.9
2022-01-27,Server_C,DB_Analytics,19.42
2022-01-28,Server_A,DB_Sales,17.36
2022-01-28,Server_B,DB_Inventory,19.64
2022-01-30,Server_C,DB_HR,18.35
2022-01-30,Server_A,DB_Sales,16.59
2022-01-30,Server_C,DB_Finance,14.87
2022-01-31,Server_A,DB_Analytics,13.03
2022-01-31,Server_A,DB_Sales,21.04
2022-02-02,Server_C,DB_Finance,17.98
2022-02-03,Server_C,DB_HR,12.29
2022-02-04,Server_B,DB_Sales,11.84
2022-02-04,Server_C,DB_HR,14.01
2022-02-05,Server_C,DB_Analytics,10.19
2022-02-06,Server_C,DB_Sales,19.05
2022-02-06,Server_A,DB_HR,9.69
2022-02-06,Server_A,DB_Sales,15.08
2022-02-06,Server_A,DB_Inventory,14.26
2022-02-06,Server_C,DB_Analytics,11.85
2022-02-09,Server_A,DB_Inventory,13.61
2022-02-10,Server_B,DB_Inventory,19.22
2022-02-11,Server_A,DB_Analytics,13.33
2022-02-11,Server_A,DB_Analytics,14.46
2022-02-12,Server_A,DB_Finance,21.99
2022-02-12,Server_B,DB_Analytics,18.5
2022-02-13,Server_C,DB_HR,16.71
2022-02-14,Server_A,DB_Inventory,25.71
2022-02-16,Server_B,DB_Sales,19.82
2022-02-23,Server_A,DB_Sales,20.4
2022-02-24,Server_B,DB_Sales,15.09
2022-02-24,Server_B,DB_Sales,17.3
2022-02-24,Server_B,DB_Finance,14.42
2022-02-26,Server_C,DB_HR,16.2
2022-02-26,Server_A,DB_Inventory,17.95
2022-03-01,Server_A,DB_Analytics,19.25
2022-03-02,Server_A,DB_Analytics,19.84
2022-03-03,Server_A,DB_Finance,20.48
2022-03-03,Server_B,DB_HR,13.91
2022-03-03,Server_C,DB_Finance,13.48
2022-03-04,Server_A,DB_Finance,17.49
2022-03-04,Server_A,DB_HR,19.01
2022-03-06,Server_A,DB_Sales,18.05
2022-03-06,Server_B,DB_Sales,18.45
2022-03-08,Server_A,DB_Analytics,13.37
2022-03-09,Server_C,DB_HR,12.13
2022-03-11,Server_A,DB_Analytics,20.25
2022-03-11,Server_B,DB_Analytics,16.6
2022-03-12,Server_A,DB_Analytics,12.25
2022-03-13,Server_B,DB_Sales,17.71
2022-03-15,Server_B,DB_Analytics,19.21
2022-03-15,Server_A,DB_Analytics,17.64
2022-03-16,Server_B,DB_Analytics,12.92
2022-03-19,Server_B,DB_Analytics,14.77
2022-03-21,Server_C,DB_Analytics,19.04
2022-03-21,Server_C,DB_Analytics,21.6
2022-03-22,Server_B,DB_Inventory,15.83
2022-03-24,Server_A,DB_Inventory,14.23
2022-03-25,Server_C,DB_HR,10.67
2022-03-26,Server_A,DB_Sales,21.87
2022-03-28,Server_A,DB_Inventory,18.01
2022-03-30,Server_C,DB_Finance,18.08
2022-03-31,Server_C,DB_Inventory,14.09
2022-04-06,Server_C,DB_Inventory,10.78
2022-04-07,Server_C,DB_Analytics,14.85
2022-04-08,Server_C,DB_Inventory,19.8
2022-04-08,Server_B,DB_Sales,23.28
2022-04-09,Server_B,DB_Analytics,14.62
2022-04-10,Server_B,DB_Sales,15.67
2022-04-11,Server_A,DB_Finance,20.46
2022-04-11,Server_B,DB_Analytics,13.77
2022-04-14,Server_C,DB_Inventory,15.91
2022-04-18,Server_B,DB_Finance,15.36
2022-04-18,Server_B,DB_Analytics,19.16
2022-04-19,Server_A,DB_Analytics,16.46
2022-04-20,Server_C,DB_Analytics,20.43
2022-04-20,Server_A,DB_Finance,12.79
2022-04-22,Server_A,DB_Finance,11.86
2022-04-23,Server_B,DB_Sales,15.54
2022-04-24,Server_B,DB_Inventory,13.78
2022-04-25,Server_C,DB_HR,17.94
2022-04-25,Server_C,DB_Analytics,18.2
2022-04-27,Server_C,DB_Sales,15.91
2022-04-28,Server_A,DB_Sales,17.31
2022-04-28,Server_C,DB_Analytics,19.13
2022-04-28,Server_C,DB_HR,21.44
2022-05-01,Server_B,DB_Inventory,22.48
2022-05-02,Server_C,DB_Inventory,20.7
2022-05-02,Server_C,DB_HR,14.56
2022-05-05,Server_B,DB_Inventory,14.67
2022-05-07,Server_C,DB_Finance,17.3
2022-05-07,Server_C,DB_Finance,14.18
2022-05-07,Server_C,DB_Sales,19.41
2022-05-08,Server_A,DB_Analytics,16.34
2022-05-08,Server_A,DB_Finance,15.26
2022-05-08,Server_A,DB_Analytics,20.27
2022-05-09,Server_A,DB_Analytics,18.43
2022-05-09,Server_B,DB_HR,19.03
2022-05-10,Server_C,DB_Analytics,11.57
2022-05-13,Server_B,DB_Analytics,19.24
2022-05-15,Server_A,DB_Finance,18.61
2022-05-18,Server_C,DB_Sales,21.43
2022-05-18,Server_C,DB_HR,16.88
2022-05-19,Server_C,DB_Inventory,16.3
2022-05-19,Server_A,DB_HR,14.47
2022-05-19,Server_C,DB_Finance,20.56
2022-05-20,Server_A,DB_Finance,20.45
2022-05-20,Server_C,DB_Finance,12.5
2022-05-26,Server_A,DB_Inventory,17.94
2022-05-26,Server_A,DB_Sales,17.94
2022-05-26,Server_C,DB_Analytics,18.63
2022-05-27,Server_C,DB_Finance,18.47
2022-05-27,Server_B,DB_Inventory,15.66
2022-05-27,Server_B,DB_HR,17.82
2022-05-29,Server_A,DB_Sales,18.9
2022-06-01,Server_B,DB_HR,24.15
2022-06-02,Server_C,DB_HR,19.52
2022-06-03,Server_B,DB_Sales,9.89
2022-06-03,Server_B,DB_Finance,14.5
2022-06-04,Server_A,DB_Sales,17.1
2022-06-04,Server_A,DB_Inventory,21.46
2022-06-04,Server_A,DB_Analytics,24.27
2022-06-05,Server_C,DB_Finance,11.78
2022-06-05,Server_A,DB_Inventory,17.77
2022-06-06,Server_A,DB_HR,18.93
2022-06-07,Server_A,DB_Finance,20.72
2022-06-08,Server_A,DB_Analytics,12.55
2022-06-09,Server_C,DB_Sales,21.98
2022-06-10,Server_C,DB_Sales,20.65
2022-06-11,Server_B,DB_Finance,17.08
2022-06-13,Server_B,DB_Analytics,19.68
2022-06-16,Server_B,DB_HR,14.62
2022-06-16,Server_B,DB_HR,16.55
2022-06-16,Server_C,DB_Sales,15.15
2022-06-19,Server_B,DB_Sales,15.45
2022-06-19,Server_C,DB_HR,14.87
2022-06-19,Server_C,DB_Finance,20.57
2022-06-20,Server_C,DB_Finance,14.05
2022-06-21,Server_C,DB_Inventory,15.25
2022-06-22,Server_A,DB_Analytics,20.38
2022-06-23,Server_A,DB_Inventory,18.21
2022-06-23,Server_B,DB_Analytics,19.1
2022-06-25,Server_B,DB_HR,14.41
2022-06-26,Server_C,DB_HR,15.91
2022-06-28,Server_A,DB_Analytics,18.73
2022-06-28,Server_C,DB_Sales,23.22
2022-06-28,Server_A,DB_HR,17.07
2022-06-30,Server_C,DB_Finance,21.22
2022-06-30,Server_B,DB_Inventory,15.45
2022-07-02,Server_B,DB_Analytics,21.41
2022-07-02,Server_B,DB_HR,15.65
2022-07-02,Server_C,DB_Analytics,22.61
2022-07-03,Server_B,DB_HR,17.52
2022-07-03,Server_C,DB_Finance,19.67
2022-07-03,Server_A,DB_HR,13.0
2022-07-03,Server_C,DB_Inventory,16.16
2022-07-04,Server_B,DB_Sales,20.0
2022-07-04,Server_A,DB_Sales,12.51
2022-07-05,Server_C,DB_Inventory,20.7
2022-07-05,Server_B,DB_HR,23.05
2022-07-07,Server_A,DB_Inventory,17.61
2022-07-07,Server_C,DB_Sales,14.03
2022-07-08,Server_C,DB_HR,19.46
2022-07-08,Server_A,DB_Sales,14.86
2022-07-08,Server_C,DB_Finance,15.67
2022-07-09,Server_C,DB_HR,14.04
2022-07-10,Server_C,DB_HR,14.71
2022-07-10,Server_C,DB_Analytics,18.9
2022-07-12,Server_C,DB_Inventory,13.88
2022-07-12,Server_C,DB_Inventory,18.62
2022-07-12,Server_A,DB_Finance,19.26
2022-07-14,Server_A,DB_Inventory,18.84
2022-07-14,Server_A,DB_HR,17.85
2022-07-15,Server_B,DB_Finance,15.71
2022-07-16,Server_A,DB_Sales,17.73
2022-07-17,Server_C,DB_Inventory,20.72
2022-07-18,Server_A,DB_Inventory,21.59
2022-07-18,Server_C,DB_Finance,12.9
2022-07-20,Server_B,DB_Sales,14.2
2022-07-21,Server_C,DB_Sales,15.3
2022-07-22,Server_A,DB_Finance,12.97
2022-07-23,Server_C,DB_Inventory,24.52
2022-07-25,Server_A,DB_Analytics,24.18
2022-07-25,Server_B,DB_Analytics,17.53
2022-07-27,Server_C,DB_Inventory,24.26
2022-07-27,Server_A,DB_HR,15.53
2022-07-28,Server_C,DB_Finance,22.97
2022-07-28,Server_B,DB_HR,17.69
2022-07-29,Server_C,DB_Analytics,15.75
2022-07-29,Server_C,DB_HR,18.94
2022-07-29,Server_A,DB_Sales,20.19
2022-07-31,Server_A,DB_Sales,22.51
2022-07-31,Server_C,DB_Sales,19.06
2022-08-01,Server_A,DB_Analytics,14.93
2022-08-01,Server_C,DB_HR,13.0
2022-08-01,Server_B,DB_Analytics,17.03
2022-08-04,Server_C,DB_Finance,16.26
2022-08-07,Server_A,DB_Finance,19.33
2022-08-10,Server_A,DB_Analytics,18.8
2022-08-10,Server_C,DB_Inventory,13.09
2022-08-10,Server_B,DB_Analytics,21.61
2022-08-11,Server_A,DB_Finance,12.99
2022-08-13,Server_C,DB_HR,13.15
2022-08-13,Server_B,DB_Finance,20.36
2022-08-16,Server_B,DB_Sales,22.66
2022-08-17,Server_B,DB_Finance,18.4
2022-08-18,Server_C,DB_HR,12.44
2022-08-20,Server_B,DB_HR,22.51
2022-08-20,Server_A,DB_Analytics,13.26
2022-08-21,Server_A,DB_HR,19.33
2022-08-23,Server_C,DB_Finance,17.77
2022-08-23,Server_C,DB_Analytics,16.22
2022-08-24,Server_C,DB_Analytics,21.49
2022-08-24,Server_A,DB_Analytics,17.17
2022-08-24,Server_B,DB_Finance,18.28
2022-08-27,Server_B,DB_HR,9.72
2022-08-28,Server_A,DB_Finance,12.33
2022-08-28,Server_B,DB_Analytics,17.92
2022-08-28,Server_A,DB_Inventory,13.41
2022-08-29,Server_B,DB_Analytics,19.82
2022-08-29,Server_A,DB_Analytics,16.35
2022-08-30,Server_B,DB_Finance,22.03
2022-09-01,Server_C,DB_Inventory,21.36
2022-09-03,Server_B,DB_Analytics,20.36
2022-09-03,Server_C,DB_Inventory,16.96
2022-09-06,Server_A,DB_HR,20.27
2022-09-06,Server_C,DB_Analytics,19.87
2022-09-08,Server_C,DB_Sales,21.15
2022-09-08,Server_B,DB_Sales,13.32
2022-09-10,Server_A,DB_Inventory,16.0
2022-09-13,Server_A,DB_Sales,25.24
2022-09-13,Server_C,DB_Analytics,18.83
2022-09-14,Server_C,DB_HR,21.27
2022-09-15,Server_C,DB_Inventory,17.65
2022-09-15,Server_C,DB_Sales,17.35
2022-09-15,Server_B,DB_Sales,17.42
2022-09-16,Server_B,DB_Analytics,21.92
2022-09-16,Server_B,DB_Inventory,20.12
2022-09-16,Server_A,DB_Finance,22.5
2022-09-19,Server_A,DB_Analytics,16.53
2022-09-20,Server_C,DB_Sales,13.64
2022-09-21,Server_A,DB_HR,15.39
2022-09-21,Server_A,DB_Finance,13.97
2022-09-22,Server_A,DB_Inventory,22.98
2022-09-22,Server_C,DB_HR,12.69
2022-09-22,Server_C,DB_Inventory,14.0
2022-09-23,Server_A,DB_Sales,14.06
2022-09-23,Server_A,DB_Analytics,23.13
2022-09-24,Server_A,DB_Finance,21.25
2022-09-24,Server_A,DB_Inventory,14.58
2022-09-26,Server_A,DB_HR,18.31
2022-09-26,Server_B,DB_HR,23.29
2022-09-27,Server_B,DB_Sales,13.77
2022-09-27,Server_A,DB_HR,12.83
2022-09-28,Server_B,DB_HR,26.13
2022-09-28,Server_C,DB_Inventory,15.94
2022-09-29,Server_B,DB_HR,14.62
2022-09-30,Server_B,DB_Finance,19.56
2022-10-01,Server_C,DB_Sales,22.52
2022-10-02,Server_A,DB_Finance,16.25
2022-10-02,Server_A,DB_HR,17.53
2022-10-03,Server_A,DB_Finance,22.94
2022-10-07,Server_B,DB_Inventory,17.72
2022-10-10,Server_C,DB_HR,13.46
2022-10-13,Server_B,DB_Sales,14.77
2022-10-13,Server_A,DB_Analytics,14.31
2022-10-14,Server_A,DB_Sales,24.1
2022-10-16,Server_B,DB_Inventory,20.39
2022-10-16,Server_C,DB_Analytics,17.31
2022-10-16,Server_B,DB_Finance,17.28
2022-10-17,Server_C,DB_Finance,13.98
2022-10-18,Server_B,DB_Analytics,14.17
2022-10-19,Server_A,DB_Inventory,20.01
2022-10-20,Server_A,DB_Analytics,21.82
2022-10-21,Server_A,DB_Finance,15.34
2022-10-23,Server_C,DB_Finance,23.54
2022-10-24,Server_C,DB_Analytics,19.51
2022-10-26,Server_A,DB_Analytics,14.95
2022-10-28,Server_A,DB_Sales,13.28
2022-10-28,Server_A,DB_Sales,13.05
2022-10-28,Server_A,DB_HR,21.12
2022-10-29,Server_A,DB_Finance,23.43
2022-10-30,Server_C,DB_HR,17.82
2022-11-01,Server_C,DB_Analytics,17.17
2022-11-01,Server_A,DB_Analytics,26.75
2022-11-01,Server_C,DB_Sales,23.02
2022-11-02,Server_B,DB_HR,22.12
2022-11-03,Server_A,DB_Analytics,18.43
2022-11-06,Server_A,DB_Inventory,21.12
2022-11-06,Server_B,DB_HR,21.42
2022-11-07,Server_A,DB_Analytics,17.88
2022-11-08,Server_B,DB_Analytics,23.2
2022-11-09,Server_C,DB_Finance,22.13
2022-11-12,Server_C,DB_Analytics,13.87
2022-11-13,Server_B,DB_HR,14.6
2022-11-14,Server_A,DB_Inventory,17.98
2022-11-14,Server_A,DB_Sales,21.03
2022-11-16,Server_C,DB_Finance,8.63
2022-11-18,Server_A,DB_HR,15.51
2022-11-19,Server_A,DB_Finance,15.52
2022-11-19,Server_A,DB_HR,19.23
2022-11-20,Server_A,DB_Analytics,21.45
2022-11-23,Server_B,DB_Analytics,18.68
2022-11-25,Server_B,DB_Sales,25.5
2022-11-25,Server_A,DB_Finance,19.85
2022-11-25,Server_B,DB_Inventory,16.75
2022-11-26,Server_B,DB_Analytics,22.74
2022-11-26,Server_C,DB_HR,16.76
2022-11-26,Server_C,DB_Inventory,27.23
2022-11-28,Server_B,DB_Sales,22.09
2022-11-28,Server_C,DB_Analytics,21.64
2022-11-28,Server_B,DB_Finance,13.42
2022-11-30,Server_A,DB_Sales,15.41
2022-11-30,Server_A,DB_Analytics,18.52
2022-11-30,Server_B,DB_Finance,19.18
2022-12-01,Server_C,DB_Sales,26.24
2022-12-01,Server_C,DB_Inventory,24.93
2022-12-02,Server_A,DB_Analytics,11.93
2022-12-03,Server_A,DB_Inventory,18.48
2022-12-04,Server_C,DB_Inventory,23.53
2022-12-04,Server_A,DB_Finance,16.63
2022-12-04,Server_C,DB_Analytics,11.67
2022-12-04,Server_C,DB_Sales,23.75
2022-12-06,Server_B,DB_Analytics,24.63
2022-12-08,Server_B,DB_Analytics,17.29
2022-12-08,Server_C,DB_Sales,18.71
2022-12-10,Server_B,DB_Inventory,20.09
2022-12-11,Server_A,DB_Finance,25.39
2022-12-13,Server_A,DB_Sales,20.91
2022-12-13,Server_B,DB_HR,18.2
2022-12-13,Server_B,DB_Inventory,20.42
2022-12-15,Server_C,DB_Inventory,24.29
2022-12-16,Server_C,DB_HR,18.33
2022-12-16,Server_B,DB_Sales,21.58
2022-12-18,Server_A,DB_Analytics,21.58
2022-12-20,Server_B,DB_HR,22.11
2022-12-24,Server_B,DB_Inventory,13.77
2022-12-25,Server_A,DB_Inventory,26.67
2022-12-25,Server_A,DB_Inventory,22.21
2022-12-26,Server_A,DB_Finance,15.01
2022-12-26,Server_B,DB_HR,16.3
2022-12-28,Server_B,DB_Sales,19.83
2022-12-30,Server_B,DB_HR,22.25
2023-01-01,Server_A,DB_Analytics,21.6
2023-01-01,Server_B,DB_Analytics,22.28
2023-01-01,Server_B,DB_HR,18.1
2023-01-01,Server_A,DB_Sales,19.93
2023-01-02,Server_C,DB_Finance,16.73
2023-01-04,Server_B,DB_HR,24.62
2023-01-06,Server_A,DB_Analytics,16.8
2023-01-06,Server_C,DB_Finance,15.52
2023-01-06,Server_C,DB_Analytics,19.21
2023-01-07,Server_B,DB_Analytics,13.55
2023-01-08,Server_C,DB_Sales,19.84
2023-01-08,Server_B,DB_HR,19.95
2023-01-10,Server_B,DB_HR,17.07
2023-01-11,Server_A,DB_Sales,18.38
2023-01-11,Server_C,DB_HR,12.19
2023-01-12,Server_A,DB_Inventory,22.93
2023-01-12,Server_B,DB_HR,15.66
2023-01-14,Server_B,DB_Sales,14.38
2023-01-15,Server_A,DB_HR,17.38
2023-01-15,Server_C,DB_HR,19.29
2023-01-16,Server_C,DB_Sales,15.89
2023-01-16,Server_A,DB_HR,17.88
2023-01-17,Server_A,DB_Finance,11.32
2023-01-17,Server_A,DB_HR,19.9
2023-01-21,Server_B,DB_Sales,10.38
2023-01-22,Server_B,DB_Finance,22.31
2023-01-28,Server_A,DB_Analytics,22.01
2023-01-29,Server_B,DB_Analytics,21.92
2023-01-31,Server_A,DB_Sales,12.77
2023-01-31,Server_A,DB_HR,18.39
2023-02-03,Server_C,DB_HR,15.65
2023-02-04,Server_B,DB_Inventory,21.3
2023-02-05,Server_B,DB_Sales,20.56
2023-02-05,Server_C,DB_Finance,20.11
2023-02-05,Server_B,DB_Inventory,22.48
2023-02-06,Server_C,DB_Inventory,12.89
2023-02-07,Server_B,DB_Finance,13.16
2023-02-11,Server_C,DB_HR,24.7
2023-02-11,Server_A,DB_HR,20.8
2023-02-12,Server_A,DB_Inventory,21.75
2023-02-14,Server_B,DB_Inventory,22.87
2023-02-15,Server_C,DB_Inventory,17.2
2023-02-17,Server_A,DB_Analytics,26.66
2023-02-17,Server_B,DB_Sales,18.64
2023-02-18,Server_A,DB_Sales,17.25
2023-02-20,Server_A,DB_Finance,14.0
2023-02-20,Server_B,DB_Sales,20.45
2023-02-21,Server_B,DB_Analytics,17.51
2023-02-22,Server_C,DB_Inventory,18.19
2023-02-23,Server_C,DB_Finance,23.0
2023-02-25,Server_A,DB_Sales,14.43
2023-02-26,Server_C,DB_HR,18.01
2023-02-26,Server_C,DB_Sales,16.05
2023-02-27,Server_A,DB_Analytics,9.99
2023-02-27,Server_B,DB_HR,14.05
2023-02-28,Server_C,DB_Inventory,25.11
2023-02-28,Server_B,DB_Finance,20.8
2023-03-01,Server_C,DB_HR,11.66
2023-03-03,Server_C,DB_Inventory,20.24
2023-03-06,Server_A,DB_Analytics,23.2
2023-03-09,Server_A,DB_Finance,23.9
2023-03-09,Server_A,DB_HR,21.07
2023-03-09,Server_C,DB_Inventory,21.03
2023-03-12,Server_C,DB_Sales,22.01
2023-03-12,Server_B,DB_Analytics,16.5
2023-03-13,Server_A,DB_Finance,23.08
2023-03-13,Server_C,DB_Analytics,16.35
2023-03-13,Server_A,DB_HR,19.05
2023-03-13,Server_A,DB_Analytics,23.75
2023-03-15,Server_A,DB_Inventory,22.77
2023-03-15,Server_A,DB_Sales,20.12
2023-03-16,Server_C,DB_Sales,19.89
2023-03-17,Server_A,DB_Inventory,25.91
2023-03-21,Server_B,DB_Analytics,21.78
2023-03-21,Server_C,DB_Finance,19.56
2023-03-23,Server_C,DB_Analytics,20.2
2023-03-25,Server_B,DB_HR,24.57
2023-03-26,Server_B,DB_Analytics,11.74
2023-03-27,Server_A,DB_Finance,25.18
2023-03-28,Server_A,DB_Sales,24.36
2023-03-28,Server_B,DB_Inventory,24.69
2023-03-29,Server_C,DB_Analytics,24.39
2023-03-29,Server_A,DB_Analytics,14.91
2023-03-30,Server_B,DB_Finance,25.25
2023-04-01,Server_B,DB_Analytics,27.46
2023-04-04,Server_A,DB_HR,23.46
2023-04-04,Server_C,DB_HR,25.09
2023-04-04,Server_C,DB_Finance,18.34
2023-04-06,Server_B,DB_Sales,26.08
2023-04-06,Server_C,DB_Sales,19.96
2023-04-07,Server_B,DB_Finance,15.16
2023-04-07,Server_B,DB_HR,29.27
2023-04-09,Server_C,DB_Inventory,15.03
2023-04-10,Server_A,DB_Finance,17.3
2023-04-11,Server_C,DB_Sales,20.98
2023-04-12,Server_C,DB_Analytics,20.32
2023-04-13,Server_C,DB_HR,16.98
2023-04-13,Server_A,DB_HR,16.66
2023-04-14,Server_C,DB_Analytics,19.55
2023-04-14,Server_B,DB_HR,18.58
2023-04-15,Server_C,DB_Sales,24.78
2023-04-16,Server_B,DB_Analytics,22.66
2023-04-19,Server_A,DB_HR,18.09
2023-04-20,Server_C,DB_Finance,23.22
2023-04-20,Server_C,DB_Inventory,25.02
2023-04-21,Server_A,DB_Analytics,15.48
2023-04-23,Server_C,DB_Inventory,26.73
2023-04-25,Server_A,DB_HR,16.47
2023-04-25,Server_C,DB_Finance,23.84
2023-04-26,Server_B,DB_Sales,21.84
2023-04-28,Server_A,DB_Finance,24.91
2023-04-29,Server_A,DB_HR,16.14
2023-04-30,Server_A,DB_Finance,25.61
2023-05-03,Server_A,DB_Sales,24.52
2023-05-04,Server_A,DB_Sales,11.06
2023-05-05,Server_A,DB_Analytics,14.73
2023-05-07,Server_C,DB_HR,13.17
2023-05-09,Server_C,DB_Sales,24.98
2023-05-12,Server_A,DB_Finance,13.3
2023-05-12,Server_C,DB_HR,18.05
2023-05-13,Server_C,DB_Inventory,26.33
2023-05-14,Server_B,DB_Finance,15.29
2023-05-15,Server_A,DB_Finance,12.34
2023-05-15,Server_A,DB_Inventory,15.36
2023-05-17,Server_A,DB_HR,25.3
2023-05-17,Server_C,DB_Sales,24.58
2023-05-18,Server_C,DB_Finance,25.58
2023-05-20,Server_A,DB_Sales,22.62
2023-05-20,Server_C,DB_Finance,20.35
2023-05-21,Server_C,DB_Analytics,15.93
2023-05-21,Server_A,DB_HR,13.38
2023-05-21,Server_B,DB_Finance,16.76
2023-05-21,Server_C,DB_Sales,22.27
2023-05-23,Server_B,DB_Sales,17.28
2023-05-25,Server_B,DB_Analytics,23.88
2023-05-25,Server_C,DB_HR,19.45
2023-05-26,Server_C,DB_HR,27.76
2023-06-02,Server_B,DB_Analytics,13.79
2023-06-02,Server_C,DB_HR,26.55
2023-06-02,Server_B,DB_Inventory,13.85
2023-06-04,Server_B,DB_Analytics,21.51
2023-06-05,Server_A,DB_Sales,27.12
2023-06-05,Server_C,DB_Inventory,11.98
2023-06-05,Server_C,DB_Finance,20.96
2023-06-06,Server_C,DB_Inventory,16.06
2023-06-08,Server_A,DB_HR,14.4
2023-06-09,Server_C,DB_Analytics,21.38
2023-06-10,Server_B,DB_HR,26.91
2023-06-10,Server_A,DB_Finance,20.03
2023-06-11,Server_B,DB_HR,23.5
2023-06-12,Server_A,DB_Finance,24.09
2023-06-21,Server_C,DB_HR,18.77
2023-06-21,Server_C,DB_Inventory,22.38
2023-06-22,Server_A,DB_Sales,13.63
2023-06-22,Server_C,DB_Analytics,22.41
2023-06-25,Server_B,DB_Inventory,17.51
2023-06-26,Server_B,DB_Finance,19.24
2023-06-28,Server_C,DB_Sales,27.65
2023-06-30,Server_C,DB_HR,30.1
2023-07-05,Server_C,DB_Sales,17.14
2023-07-05,Server_C,DB_HR,19.69
2023-07-06,Server_C,DB_Analytics,20.97
2023-07-07,Server_A,DB_Inventory,20.17
2023-07-07,Server_B,DB_Inventory,24.18
2023-07-08,Server_A,DB_Sales,18.08
2023-07-08,Server_C,DB_Finance,15.04
2023-07-11,Server_B,DB_Analytics,19.93
2023-07-11,Server_C,DB_Inventory,18.01
2023-07-14,Server_B,DB_HR,19.25
2023-07-14,Server_B,DB_Sales,22.68
2023-07-17,Server_A,DB_HR,18.5
2023-07-18,Server_C,DB_Inventory,14.59
2023-07-18,Server_C,DB_Analytics,15.71
2023-07-20,Server_C,DB_Analytics,15.86
2023-07-21,Server_C,DB_Sales,15.16
2023-07-23,Server_B,DB_Inventory,26.51
2023-07-24,Server_B,DB_Inventory,17.32
2023-07-25,Server_C,DB_HR,27.12
2023-07-28,Server_B,DB_Sales,21.54
2023-07-28,Server_B,DB_Inventory,28.02
2023-07-29,Server_A,DB_Inventory,17.24
2023-07-30,Server_C,DB_Analytics,21.67
2023-08-01,Server_A,DB_Finance,21.84
2023-08-01,Server_B,DB_Inventory,19.66
2023-08-03,Server_A,DB_Analytics,19.97
2023-08-05,Server_A,DB_Analytics,18.82
2023-08-05,Server_C,DB_HR,25.24
2023-08-06,Server_C,DB_Analytics,17.87
2023-08-07,Server_B,DB_HR,19.03
2023-08-08,Server_C,DB_Sales,17.0
2023-08-09,Server_C,DB_Analytics,23.3
2023-08-10,Server_B,DB_Finance,13.88
2023-08-11,Server_B,DB_Finance,16.68
2023-08-12,Server_B,DB_HR,25.8
2023-08-13,Server_C,DB_Inventory,26.81
2023-08-15,Server_C,DB_Inventory,26.56
2023-08-19,Server_C,DB_Inventory,30.69
2023-08-19,Server_A,DB_Analytics,23.6
2023-08-21,Server_A,DB_Analytics,17.76
2023-08-22,Server_C,DB_Sales,17.23
2023-08-23,Server_A,DB_Inventory,21.79
2023-08-25,Server_C,DB_Finance,16.92
2023-08-26,Server_B,DB_HR,16.22
2023-08-29,Server_B,DB_HR,22.16
2023-08-29,Server_A,DB_Sales,22.82
2023-08-30,Server_B,DB_HR,19.6
2023-08-31,Server_B,DB_Sales,28.68
2023-09-02,Server_B,DB_Analytics,15.01
2023-09-02,Server_A,DB_HR,18.41
2023-09-03,Server_B,DB_Inventory,17.52
2023-09-03,Server_C,DB_Analytics,20.99
2023-09-04,Server_B,DB_HR,15.84
2023-09-05,Server_B,DB_Inventory,28.1
2023-09-05,Server_A,DB_Analytics,15.91
2023-09-07,Server_B,DB_HR,20.31
2023-09-08,Server_A,DB_HR,15.6
2023-09-11,Server_A,DB_Finance,20.59
2023-09-11,Server_B,DB_Inventory,17.28
2023-09-14,Server_A,DB_Finance,20.82
2023-09-14,Server_C,DB_HR,20.21
2023-09-14,Server_A,DB_Analytics,15.2
2023-09-14,Server_A,DB_Finance,20.19
2023-09-14,Server_B,DB_Analytics,14.47
2023-09-15,Server_B,DB_Sales,20.02
2023-09-15,Server_B,DB_Finance,16.84
2023-09-16,Server_B,DB_Finance,15.3
2023-09-19,Server_C,DB_Finance,14.94
2023-09-20,Server_A,DB_HR,25.79
2023-09-21,Server_B,DB_Sales,15.88
2023-09-21,Server_C,DB_Finance,13.32
2023-09-21,Server_C,DB_Analytics,18.06
2023-09-21,Server_C,DB_Finance,20.81
2023-09-22,Server_B,DB_HR,21.81
2023-09-23,Server_A,DB_Sales,15.63
2023-09-24,Server_A,DB_Finance,22.11
2023-09-24,Server_B,DB_HR,21.87
2023-09-26,Server_B,DB_Inventory,28.95
2023-09-28,Server_A,DB_Inventory,17.04
2023-09-28,Server_B,DB_Sales,28.47
2023-09-29,Server_C,DB_Sales,18.19
2023-09-29,Server_C,DB_Sales,18.59
2023-09-29,Server_C,DB_Finance,24.28
2023-09-30,Server_C,DB_Finance,18.13
2023-09-30,Server_A,DB_Finance,31.6
2023-10-03,Server_B,DB_HR,16.82
2023-10-04,Server_B,DB_Sales,18.42
2023-10-05,Server_B,DB_HR,26.18
2023-10-05,Server_A,DB_Analytics,16.89
2023-10-05,Server_B,DB_HR,24.25
2023-10-06,Server_A,DB_Inventory,16.54
2023-10-07,Server_C,DB_Finance,23.51
2023-10-09,Server_A,DB_Analytics,26.85
2023-10-11,Server_A,DB_Inventory,16.94
2023-10-11,Server_B,DB_HR,22.39
2023-10-13,Server_B,DB_Finance,16.97
2023-10-14,Server_B,DB_Inventory,22.54
2023-10-15,Server_C,DB_Finance,22.96
2023-10-16,Server_A,DB_Inventory,18.45
2023-10-16,Server_C,DB_Finance,19.15
2023-10-17,Server_A,DB_Sales,17.79
2023-10-17,Server_C,DB_Finance,28.79
2023-10-17,Server_A,DB_Inventory,21.26
2023-10-18,Server_B,DB_Analytics,19.4
2023-10-19,Server_B,DB_Analytics,23.89
2023-10-19,Server_A,DB_Analytics,15.37
2023-10-23,Server_A,DB_Inventory,21.72
2023-10-23,Server_B,DB_Analytics,21.23
2023-10-25,Server_B,DB_HR,17.92
2023-10-26,Server_A,DB_Analytics,22.34
2023-10-26,Server_C,DB_Sales,26.44
2023-10-26,Server_C,DB_Sales,22.27
2023-10-27,Server_A,DB_Inventory,15.95
2023-10-28,Server_C,DB_Finance,17.65
2023-10-28,Server_B,DB_Analytics,28.19
2023-10-29,Server_A,DB_Sales,18.78
2023-10-29,Server_C,DB_Finance,31.65
2023-10-31,Server_B,DB_Inventory,20.79
2023-11-01,Server_B,DB_Sales,14.14
2023-11-02,Server_C,DB_HR,22.08
2023-11-03,Server_C,DB_Inventory,29.6
2023-11-04,Server_A,DB_HR,25.63
2023-11-06,Server_C,DB_Analytics,17.33
2023-11-07,Server_C,DB_HR,14.93
2023-11-07,Server_C,DB_Sales,26.31
2023-11-07,Server_C,DB_Finance,16.32
2023-11-10,Server_A,DB_Finance,15.18
2023-11-12,Server_B,DB_Analytics,28.25
2023-11-13,Server_B,DB_Inventory,11.74
2023-11-14,Server_C,DB_Finance,25.91
2023-11-14,Server_A,DB_Sales,15.17
2023-11-16,Server_B,DB_Analytics,29.46
2023-11-18,Server_C,DB_HR,20.75
2023-11-19,Server_C,DB_HR,20.22
2023-11-20,Server_A,DB_Inventory,27.81
2023-11-21,Server_A,DB_HR,18.96
2023-11-21,Server_A,DB_Finance,28.07
2023-11-23,Server_C,DB_Finance,20.89
2023-11-23,Server_C,DB_HR,15.07
2023-11-23,Server_B,DB_Inventory,31.39
2023-11-24,Server_C,DB_Sales,21.59
2023-11-25,Server_C,DB_Sales,15.62
2023-11-26,Server_C,DB_Finance,21.36
2023-11-27,Server_B,DB_Analytics,27.07
2023-11-28,Server_B,DB_Finance,9.99
2023-11-28,Server_A,DB_Finance,17.36
2023-11-29,Server_B,DB_Finance,26.71
2023-11-29,Server_A,DB_Analytics,18.25
2023-11-29,Server_B,DB_HR,16.41
2023-12-01,Server_B,DB_Sales,20.58
2023-12-02,Server_C,DB_Analytics,21.19
2023-12-02,Server_A,DB_HR,27.13
2023-12-03,Server_A,DB_Inventory,22.19
2023-12-05,Server_C,DB_HR,27.69
2023-12-05,Server_C,DB_HR,23.68
2023-12-06,Server_A,DB_HR,16.17
2023-12-08,Server_B,DB_Analytics,22.24
2023-12-08,Server_A,DB_HR,15.74
2023-12-09,Server_A,DB_Finance,20.71
2023-12-09,Server_B,DB_Sales,26.57
2023-12-11,Server_C,DB_Finance,23.75
2023-12-11,Server_B,DB_Inventory,18.66
2023-12-14,Server_C,DB_Analytics,25.77
2023-12-14,Server_A,DB_Sales,20.93
2023-12-14,Server_A,DB_Sales,28.42
2023-12-15,Server_C,DB_HR,22.08
2023-12-15,Server_C,DB_Sales,13.94
2023-12-17,Server_B,DB_HR,26.53
2023-12-18,Server_C,DB_Analytics,17.59
2023-12-19,Server_A,DB_Finance,15.54
2023-12-20,Server_C,DB_Analytics,16.92
2023-12-21,Server_A,DB_Inventory,19.61
2023-12-21,Server_B,DB_Sales,17.96
2023-12-22,Server_B,DB_Sales,29.02
2023-12-23,Server_A,DB_Sales,20.71
2023-12-23,Server_C,DB_Inventory,17.38
2023-12-25,Server_A,DB_Analytics,23.59
2023-12-25,Server_A,DB_Finance,19.29
2023-12-28,Server_C,DB_Inventory,17.25
2023-12-28,Server_B,DB_HR,29.6
2023-12-29,Server_B,DB_Inventory,24.23
2023-12-29,Server_A,DB_Finance,13.86
2023-12-30,Server_C,DB_Inventory,25.85
2023-12-31,Server_A,DB_Analytics,19.18
2023-12-31,Server_C,DB_Sales,30.36
2024-01-04,Server_A,DB_Finance,17.27
2024-01-05,Server_A,DB_Analytics,25.64
2024-01-05,Server_A,DB_Inventory,12.66
2024-01-05,Server_A,DB_HR,30.28
2024-01-05,Server_A,DB_HR,14.05
2024-01-08,Server_B,DB_Sales,27.44
2024-01-08,Server_C,DB_Inventory,32.77
2024-01-09,Server_B,DB_Finance,20.16
2024-01-09,Server_B,DB_Analytics,22.3
2024-01-11,Server_C,DB_Analytics,24.61
2024-01-12,Server_B,DB_Finance,15.7
2024-01-12,Server_B,DB_HR,19.25
2024-01-12,Server_A,DB_Inventory,16.39
2024-01-13,Server_C,DB_Analytics,20.32
2024-01-13,Server_A,DB_HR,27.08
2024-01-16,Server_B,DB_Inventory,30.47
2024-01-20,Server_B,DB_HR,25.73
2024-01-22,Server_C,DB_Sales,20.77
2024-01-22,Server_C,DB_Analytics,16.93
2024-01-22,Server_A,DB_Analytics,18.2
2024-01-22,Server_B,DB_Inventory,27.41
2024-01-23,Server_A,DB_Sales,24.24
2024-01-23,Server_C,DB_HR,12.95
2024-01-23,Server_A,DB_Finance,28.39
2024-01-24,Server_C,DB_Inventory,21.1
2024-01-25,Server_B,DB_Sales,23.25
2024-01-26,Server_B,DB_Inventory,28.61
2024-01-28,Server_A,DB_Analytics,20.32
2024-01-28,Server_B,DB_Sales,28.54
2024-01-31,Server_B,DB_Inventory,16.96
2024-02-01,Server_A,DB_Finance,21.79
2024-02-01,Server_A,DB_Sales,31.26
2024-02-01,Server_A,DB_Sales,22.17
2024-02-02,Server_A,DB_Analytics,26.77
2024-02-03,Server_A,DB_Finance,25.77
2024-02-03,Server_B,DB_Sales,14.4
2024-02-04,Server_A,DB_HR,29.53
2024-02-06,Server_B,DB_Inventory,18.67
2024-02-07,Server_A,DB_HR,14.72
2024-02-07,Server_C,DB_Analytics,29.58
2024-02-07,Server_B,DB_Inventory,18.32
2024-02-07,Server_A,DB_Inventory,30.25
2024-02-08,Server_A,DB_Finance,12.92
2024-02-09,Server_C,DB_Sales,21.3
2024-02-09,Server_A,DB_HR,26.57
2024-02-10,Server_B,DB_Sales,25.72
2024-02-10,Server_C,DB_Analytics,19.49
2024-02-10,Server_C,DB_HR,21.51
2024-02-11,Server_B,DB_Sales,27.86
2024-02-11,Server_A,DB_HR,21.69
2024-02-11,Server_B,DB_Inventory,26.27
2024-02-11,Server_B,DB_Analytics,12.32
2024-02-12,Server_C,DB_Finance,24.33
2024-02-13,Server_A,DB_Sales,14.11
2024-02-13,Server_C,DB_HR,17.79
2024-02-15,Server_A,DB_Finance,26.83
2024-02-15,Server_A,DB_Inventory,28.98
2024-02-15,Server_A,DB_HR,13.55
2024-02-16,Server_B,DB_Sales,11.54
2024-02-18,Server_B,DB_Inventory,16.0
2024-02-20,Server_A,DB_HR,29.51
2024-02-23,Server_A,DB_HR,27.13
2024-02-23,Server_B,DB_Analytics,23.28
2024-02-23,Server_C,DB_Inventory,24.65
2024-02-24,Server_A,DB_Analytics,19.24
2024-02-24,Server_C,DB_Analytics,24.13
2024-02-24,Server_A,DB_Analytics,30.95
2024-02-25,Server_B,DB_Analytics,24.1
2024-02-26,Server_A,DB_HR,19.76
2024-02-28,Server_A,DB_Sales,27.3
2024-02-28,Server_B,DB_Inventory,14.24
2024-03-01,Server_B,DB_Finance,25.79
2024-03-01,Server_C,DB_Finance,28.4
2024-03-01,Server_A,DB_Sales,21.07
2024-03-03,Server_A,DB_Inventory,24.94
2024-03-03,Server_A,DB_Analytics,28.13
2024-03-04,Server_B,DB_Finance,19.0
2024-03-07,Server_B,DB_Finance,21.76
2024-03-07,Server_B,DB_Analytics,20.88
2024-03-10,Server_A,DB_Analytics,23.37
2024-03-10,Server_A,DB_Analytics,28.56
2024-03-11,Server_B,DB_Finance,19.46
2024-03-12,Server_C,DB_HR,29.3
2024-03-12,Server_A,DB_Inventory,22.1
2024-03-17,Server_B,DB_Inventory,20.64
2024-03-19,Server_A,DB_Inventory,24.88
2024-03-20,Server_A,DB_HR,23.2
2024-03-20,Server_A,DB_Sales,18.07
2024-03-20,Server_C,DB_Finance,18.15
2024-03-21,Server_B,DB_Inventory,33.08
2024-03-22,Server_B,DB_Inventory,22.2
2024-03-23,Server_A,DB_Finance,26.85
2024-03-25,Server_B,DB_HR,19.11
2024-03-25,Server_A,DB_Sales,22.78
2024-03-25,Server_B,DB_Sales,17.66
2024-03-27,Server_B,DB_Analytics,17.67
2024-03-27,Server_C,DB_Analytics,24.1
2024-03-28,Server_A,DB_Inventory,20.46
2024-03-28,Server_B,DB_Analytics,19.68
2024-03-29,Server_A,DB_Analytics,26.88
2024-04-02,Server_A,DB_Inventory,17.88
2024-04-03,Server_A,DB_Sales,23.29
2024-04-04,Server_B,DB_Sales,28.84
2024-04-04,Server_A,DB_HR,27.21
2024-04-04,Server_C,DB_Sales,24.53
2024-04-06,Server_B,DB_Inventory,27.61
2024-04-07,Server_A,DB_Analytics,17.7
2024-04-08,Server_B,DB_HR,25.44
2024-04-08,Server_A,DB_HR,15.75
2024-04-08,Server_B,DB_Sales,18.49
2024-04-08,Server_B,DB_Analytics,18.79
2024-04-09,Server_A,DB_Analytics,13.07
2024-04-09,Server_C,DB_HR,20.49
2024-04-10,Server_C,DB_Finance,23.03
2024-04-11,Server_A,DB_Analytics,26.0
2024-04-12,Server_C,DB_Sales,22.77
2024-04-13,Server_B,DB_Finance,29.24
2024-04-13,Server_B,DB_Inventory,19.83
2024-04-13,Server_A,DB_Analytics,27.48
2024-04-16,Server_C,DB_HR,14.56
2024-04-18,Server_B,DB_HR,29.96
2024-04-18,Server_B,DB_Inventory,14.87
2024-04-18,Server_C,DB_Inventory,29.17
2024-04-21,Server_C,DB_Sales,20.77
2024-04-22,Server_C,DB_Analytics,24.85
2024-04-22,Server_A,DB_HR,15.15
2024-04-22,Server_C,DB_Finance,25.77
2024-04-22,Server_C,DB_Sales,29.25
2024-04-23,Server_C,DB_Analytics,26.38
2024-04-23,Server_C,DB_Analytics,16.78
2024-04-25,Server_C,DB_Sales,24.9
2024-04-26,Server_A,DB_Finance,21.34
2024-04-26,Server_C,DB_Analytics,24.03
2024-04-29,Server_B,DB_Analytics,19.58
2024-04-30,Server_C,DB_Inventory,17.75
2024-05-04,Server_A,DB_Inventory,29.61
2024-05-06,Server_A,DB_HR,27.34
2024-05-06,Server_C,DB_HR,23.41
2024-05-07,Server_B,DB_Sales,26.71
2024-05-08,Server_B,DB_Sales,20.67
2024-05-10,Server_B,DB_Analytics,21.96
2024-05-10,Server_B,DB_Finance,29.33
2024-05-11,Server_C,DB_Sales,26.17
2024-05-13,Server_C,DB_Analytics,19.11
2024-05-16,Server_C,DB_Finance,25.06
2024-05-17,Server_A,DB_HR,31.04
2024-05-18,Server_A,DB_Inventory,25.69
2024-05-19,Server_A,DB_Inventory,25.72
2024-05-20,Server_C,DB_HR,34.1
2024-05-23,Server_C,DB_Finance,21.58
2024-05-26,Server_A,DB_Finance,24.82
2024-05-29,Server_B,DB_Finance,29.8
2024-05-29,Server_C,DB_Analytics,23.65
2024-05-31,Server_B,DB_Sales,19.73
2024-06-02,Server_B,DB_HR,16.1
2024-06-05,Server_B,DB_HR,20.48
2024-06-05,Server_A,DB_Analytics,29.53
2024-06-06,Server_B,DB_Sales,30.27
2024-06-08,Server_A,DB_Inventory,18.25
2024-06-08,Server_A,DB_Inventory,14.02
2024-06-09,Server_B,DB_Sales,22.22
2024-06-10,Server_C,DB_Sales,13.76
2024-06-11,Server_B,DB_Analytics,16.05
2024-06-13,Server_B,DB_Finance,27.57
2024-06-17,Server_B,DB_HR,32.13
2024-06-20,Server_B,DB_Analytics,22.14
2024-06-20,Server_A,DB_HR,17.66
2024-06-21,Server_A,DB_Analytics,17.47
2024-06-22,Server_B,DB_HR,20.27
2024-06-23,Server_B,DB_Sales,22.26
2024-06-23,Server_C,DB_HR,22.07
2024-06-24,Server_A,DB_Sales,23.57
2024-06-24,Server_C,DB_Finance,32.57
2024-06-27,Server_B,DB_HR,17.99
2024-06-28,Server_A,DB_Sales,28.16
2024-06-29,Server_C,DB_Analytics,30.41
2024-07-01,Server_C,DB_Analytics,29.38
2024-07-01,Server_B,DB_Inventory,17.29
2024-07-02,Server_B,DB_Finance,23.35
2024-07-03,Server_B,DB_HR,23.74
2024-07-06,Server_A,DB_Inventory,23.6
2024-07-06,Server_C,DB_Sales,13.81
2024-07-08,Server_C,DB_Inventory,18.21
2024-07-09,Server_A,DB_HR,29.54
2024-07-10,Server_A,DB_Finance,20.77
2024-07-13,Server_C,DB_Sales,17.43
2024-07-14,Server_C,DB_HR,24.42
2024-07-16,Server_C,DB_HR,18.02
2024-07-16,Server_B,DB_Finance,16.56
2024-07-18,Server_B,DB_Finance,14.48
2024-07-20,Server_C,DB_Inventory,29.61
2024-07-20,Server_C,DB_Finance,31.38
2024-07-20,Server_C,DB_Finance,33.08
2024-07-21,Server_A,DB_HR,17.95
2024-07-23,Server_B,DB_Inventory,27.95
2024-07-23,Server_B,DB_Finance,31.73
2024-07-24,Server_C,DB_Finance,19.91
2024-07-27,Server_C,DB_HR,30.43
2024-07-27,Server_C,DB_HR,29.82
2024-07-28,Server_B,DB_Sales,19.48
2024-07-30,Server_A,DB_HR,28.05
2024-07-30,Server_A,DB_Sales,17.48
2024-07-30,Server_B,DB_Inventory,33.05
2024-07-31,Server_A,DB_Finance,14.74
2024-07-31,Server_C,DB_Finance,19.61
2024-07-31,Server_B,DB_Sales,28.18
2024-08-02,Server_B,DB_Finance,24.33
2024-08-02,Server_A,DB_Sales,23.93
2024-08-02,Server_B,DB_Inventory,19.06
2024-08-03,Server_C,DB_HR,24.47
2024-08-03,Server_B,DB_Analytics,28.98
2024-08-03,Server_B,DB_Sales,19.4
2024-08-04,Server_C,DB_Sales,15.96
2024-08-05,Server_A,DB_Inventory,16.74
2024-08-05,Server_A,DB_Sales,24.29
2024-08-05,Server_C,DB_Sales,19.06
2024-08-08,Server_C,DB_Inventory,28.6
2024-08-11,Server_A,DB_HR,20.03
2024-08-11,Server_B,DB_Analytics,30.32
2024-08-11,Server_A,DB_Analytics,32.7
2024-08-12,Server_B,DB_Sales,21.15
2024-08-13,Server_A,DB_Sales,17.22
2024-08-14,Server_C,DB_Sales,27.57
2024-08-14,Server_A,DB_HR,29.8
2024-08-15,Server_C,DB_Finance,26.61
2024-08-16,Server_B,DB_HR,11.91
2024-08-16,Server_C,DB_Sales,17.63
2024-08-18,Server_C,DB_Finance,19.02
2024-08-18,Server_C,DB_Inventory,27.32
2024-08-18,Server_A,DB_Inventory,25.87
2024-08-19,Server_C,DB_HR,15.13
2024-08-20,Server_B,DB_Analytics,20.9
2024-08-22,Server_C,DB_Finance,26.55
2024-08-23,Server_C,DB_Finance,30.55
2024-08-23,Server_B,DB_Sales,27.47
2024-08-24,Server_C,DB_HR,23.58
2024-08-25,Server_B,DB_Analytics,12.97
2024-08-26,Server_A,DB_Sales,17.12
2024-08-27,Server_C,DB_Sales,20.16
2024-08-28,Server_A,DB_HR,27.2
2024-08-30,Server_A,DB_Analytics,30.22
2024-08-31,Server_B,DB_Finance,21.73
2024-09-01,Server_B,DB_Analytics,26.67
2024-09-01,Server_B,DB_Inventory,28.04
2024-09-02,Server_A,DB_Finance,20.99
2024-09-03,Server_A,DB_Finance,16.14
2024-09-08,Server_C,DB_Sales,16.28
2024-09-09,Server_A,DB_Sales,28.25
2024-09-10,Server_C,DB_Sales,27.15
2024-09-10,Server_C,DB_Finance,25.98
2024-09-10,Server_B,DB_Sales,15.53
2024-09-10,Server_A,DB_Analytics,16.24
2024-09-11,Server_A,DB_Sales,25.91
2024-09-12,Server_A,DB_Finance,17.46
2024-09-16,Server_A,DB_Sales,15.68
2024-09-17,Server_A,DB_HR,14.82
2024-09-19,Server_C,DB_Analytics,17.48
2024-09-19,Server_C,DB_Analytics,18.07
2024-09-21,Server_B,DB_Inventory,21.74
2024-09-23,Server_A,DB_Inventory,34.89
2024-09-23,Server_C,DB_Inventory,13.82
2024-09-23,Server_B,DB_Sales,21.61
2024-09-24,Server_A,DB_Inventory,18.18
2024-09-27,Server_B,DB_Sales,33.68
2024-09-27,Server_C,DB_HR,23.08
2024-09-28,Server_A,DB_Sales,27.65
2024-10-01,Server_C,DB_Analytics,24.81
2024-10-02,Server_A,DB_Finance,23.19
2024-10-02,Server_A,DB_Analytics,22.41
2024-10-04,Server_C,DB_Finance,17.53
2024-10-07,Server_A,DB_Inventory,31.92
2024-10-07,Server_C,DB_Sales,12.74
2024-10-08,Server_C,DB_Inventory,30.8
2024-10-09,Server_C,DB_Analytics,18.63
2024-10-09,Server_C,DB_Analytics,18.77
2024-10-11,Server_C,DB_Finance,28.48
2024-10-12,Server_C,DB_Finance,24.94
2024-10-13,Server_B,DB_Finance,19.66
2024-10-20,Server_C,DB_Inventory,27.11
2024-10-20,Server_B,DB_Analytics,24.3
2024-10-21,Server_A,DB_HR,32.78
2024-10-21,Server_B,DB_Analytics,28.39
2024-10-23,Server_B,DB_HR,13.76
2024-10-25,Server_C,DB_Finance,28.21
2024-10-27,Server_B,DB_Analytics,21.28
2024-10-28,Server_B,DB_HR,23.59
2024-10-29,Server_B,DB_Analytics,27.84
2024-10-29,Server_A,DB_Finance,30.81
2024-10-29,Server_B,DB_Finance,28.45
2024-10-29,Server_A,DB_HR,30.26
2024-10-30,Server_B,DB_HR,36.09
2024-10-30,Server_A,DB_Sales,31.73
2024-10-31,Server_A,DB_HR,23.64
2024-10-31,Server_C,DB_Analytics,28.54
2024-11-01,Server_A,DB_Sales,36.03
2024-11-01,Server_B,DB_Inventory,23.72
2024-11-02,Server_C,DB_Inventory,34.59
2024-11-03,Server_C,DB_HR,25.78
2024-11-04,Server_A,DB_Inventory,24.38
2024-11-04,Server_C,DB_HR,24.42
2024-11-05,Server_B,DB_HR,19.79
2024-11-06,Server_B,DB_Finance,24.06
2024-11-06,Server_A,DB_Finance,19.88
2024-11-09,Server_C,DB_Analytics,26.07
2024-11-11,Server_C,DB_Inventory,31.77
2024-11-12,Server_A,DB_HR,28.56
2024-11-12,Server_C,DB_Inventory,28.22
2024-11-13,Server_C,DB_Inventory,19.2
2024-11-13,Server_A,DB_Finance,21.13
2024-11-16,Server_A,DB_Inventory,25.29
2024-11-16,Server_A,DB_Sales,30.97
2024-11-17,Server_C,DB_Analytics,32.38
2024-11-18,Server_C,DB_HR,19.37
2024-11-19,Server_B,DB_Inventory,14.3
2024-11-19,Server_C,DB_Analytics,27.56
2024-11-20,Server_C,DB_Analytics,26.86
2024-11-21,Server_C,DB_Finance,28.75
2024-11-22,Server_C,DB_Finance,19.66
2024-11-23,Server_B,DB_Inventory,17.81
2024-11-23,Server_C,DB_Sales,17.95
2024-11-24,Server_B,DB_Sales,23.47
2024-11-25,Server_C,DB_Sales,21.99
2024-11-29,Server_B,DB_Inventory,18.12
2024-11-29,Server_B,DB_Analytics,24.91
2024-11-30,Server_C,DB_Sales,27.21
2024-12-03,Server_A,DB_Sales,34.18
2024-12-04,Server_B,DB_HR,25.74
2024-12-05,Server_C,DB_Inventory,19.26
2024-12-06,Server_B,DB_Inventory,14.29
2024-12-08,Server_B,DB_Inventory,22.28
2024-12-09,Server_C,DB_HR,17.01
2024-12-09,Server_A,DB_HR,18.59
2024-12-10,Server_C,DB_Analytics,27.63
2024-12-10,Server_B,DB_Analytics,28.86
2024-12-10,Server_C,DB_Finance,18.42
2024-12-11,Server_B,DB_Analytics,34.26
2024-12-12,Server_B,DB_Sales,14.91
2024-12-13,Server_C,DB_Analytics,31.1
2024-12-14,Server_A,DB_Sales,16.31
2024-12-14,Server_C,DB_Sales,19.74
2024-12-14,Server_C,DB_Finance,20.72
2024-12-16,Server_B,DB_HR,24.7
2024-12-17,Server_B,DB_Sales,19.22
2024-12-17,Server_A,DB_Finance,18.21
2024-12-18,Server_B,DB_Analytics,30.01
2024-12-23,Server_B,DB_Inventory,17.35
2024-12-26,Server_B,DB_Finance,25.49
2024-12-27,Server_B,DB_HR,27.83
2024-12-28,Server_C,DB_HR,26.31
2024-12-31,Server_C,DB_HR,23.6
2024-12-31,Server_B,DB_HR,20.47
2025-01-03,Server_A,DB_Inventory,19.8
2025-01-06,Server_C,DB_Sales,32.62
2025-01-10,Server_A,DB_Inventory,25.22
2025-01-10,Server_C,DB_Inventory,18.1
2025-01-11,Server_B,DB_Inventory,25.52
2025-01-15,Server_A,DB_Sales,28.88
2025-01-17,Server_C,DB_HR,32.64
2025-01-17,Server_B,DB_Analytics,29.47
2025-01-18,Server_C,DB_Sales,31.2
2025-01-18,Server_A,DB_Sales,32.12
2025-01-21,Server_A,DB_Inventory,23.18
2025-01-21,Server_B,DB_Analytics,36.6
2025-01-22,Server_B,DB_Analytics,28.6
2025-01-24,Server_C,DB_Inventory,17.36
2025-01-24,Server_A,DB_HR,18.4
2025-01-27,Server_C,DB_Analytics,14.74
2025-01-27,Server_B,DB_Inventory,32.91
2025-01-30,Server_C,DB_Inventory,14.89
2025-02-01,Server_A,DB_Inventory,32.37
2025-02-01,Server_C,DB_HR,22.75
2025-02-02,Server_B,DB_Sales,24.49
2025-02-02,Server_C,DB_Sales,32.0
2025-02-02,Server_B,DB_Inventory,15.84
2025-02-02,Server_A,DB_Sales,33.64
2025-02-03,Server_C,DB_Sales,30.68
2025-02-03,Server_C,DB_Sales,28.97
2025-02-05,Server_C,DB_Analytics,36.89
2025-02-06,Server_B,DB_Finance,30.99
2025-02-09,Server_A,DB_HR,26.74
2025-02-09,Server_B,DB_Finance,22.51
2025-02-10,Server_A,DB_Finance,18.8
2025-02-13,Server_A,DB_Inventory,25.47
2025-02-13,Server_A,DB_Analytics,27.03
2025-02-13,Server_B,DB_Inventory,31.54
2025-02-14,Server_C,DB_Inventory,34.16
2025-02-15,Server_B,DB_Inventory,34.45
2025-02-16,Server_C,DB_Sales,24.34
2025-02-16,Server_B,DB_HR,20.69
2025-02-19,Server_B,DB_Analytics,17.22
2025-02-21,Server_B,DB_Analytics,28.67
2025-02-22,Server_B,DB_Analytics,16.39
2025-02-24,Server_C,DB_Inventory,26.64
2025-02-24,Server_B,DB_Inventory,22.07
2025-02-24,Server_A,DB_Inventory,26.35
2025-02-24,Server_B,DB_HR,21.54
2025-02-26,Server_B,DB_Inventory,23.34
2025-02-26,Server_A,DB_Inventory,32.65
2025-02-27,Server_B,DB_Sales,22.31
2025-02-28,Server_B,DB_HR,22.72
2025-02-28,Server_B,DB_Finance,31.38
2025-03-04,Server_B,DB_Analytics,21.74
2025-03-07,Server_B,DB_Inventory,32.02
2025-03-08,Server_C,DB_Finance,27.19
2025-03-08,Server_C,DB_HR,26.18
2025-03-10,Server_A,DB_HR,30.62
2025-03-10,Server_B,DB_Sales,22.26
2025-03-11,Server_C,DB_Inventory,19.55
2025-03-12,Server_B,DB_HR,29.82
2025-03-12,Server_C,DB_Analytics,32.56
2025-03-13,Server_A,DB_Analytics,32.55
2025-03-14,Server_C,DB_Finance,20.93
2025-03-14,Server_C,DB_Sales,33.61
2025-03-16,Server_C,DB_HR,21.76
2025-03-16,Server_C,DB_Finance,26.87
2025-03-16,Server_B,DB_Finance,29.35
2025-03-17,Server_C,DB_Sales,25.55
2025-03-18,Server_C,DB_Analytics,26.46
2025-03-18,Server_B,DB_HR,31.43
2025-03-19,Server_C,DB_Sales,20.98
2025-03-21,Server_B,DB_Sales,34.57
2025-03-21,Server_B,DB_Finance,26.07
2025-03-23,Server_B,DB_Analytics,19.12
2025-03-24,Server_A,DB_HR,22.25
2025-03-25,Server_A,DB_HR,28.89
2025-03-25,Server_B,DB_Finance,17.77
2025-03-25,Server_C,DB_Inventory,21.55
2025-03-29,Server_B,DB_Sales,30.93
2025-04-02,Server_C,DB_HR,21.69
2025-04-02,Server_A,DB_Sales,18.48
2025-04-03,Server_A,DB_Analytics,20.85
2025-04-03,Server_C,DB_Analytics,17.17
2025-04-05,Server_A,DB_Finance,24.87
2025-04-05,Server_C,DB_HR,14.96
2025-04-08,Server_A,DB_Sales,29.92
2025-04-11,Server_A,DB_Finance,13.56
2025-04-11,Server_A,DB_HR,18.38
2025-04-12,Server_A,DB_Sales,27.55
2025-04-13,Server_A,DB_Inventory,16.49
2025-04-13,Server_B,DB_Analytics,20.36
2025-04-13,Server_B,DB_Sales,21.4
2025-04-14,Server_B,DB_Analytics,33.01
2025-04-14,Server_A,DB_Analytics,20.06
2025-04-15,Server_B,DB_HR,31.1
2025-04-16,Server_A,DB_Finance,33.08
2025-04-19,Server_C,DB_Finance,29.93
2025-04-20,Server_A,DB_HR,33.65
2025-04-20,Server_A,DB_Finance,34.6
2025-04-21,Server_C,DB_Finance,35.02
2025-04-21,Server_B,DB_Analytics,26.81
2025-04-22,Server_C,DB_HR,30.17
2025-04-22,Server_B,DB_Finance,23.38
2025-04-24,Server_B,DB_Analytics,28.17
2025-04-24,Server_C,DB_Finance,21.81
2025-04-26,Server_B,DB_HR,23.06
2025-04-26,Server_C,DB_Analytics,23.73
2025-04-26,Server_A,DB_Inventory,30.34
2025-04-26,Server_B,DB_Finance,30.94
2025-04-27,Server_A,DB_Finance,12.53
2025-04-27,Server_C,DB_Finance,29.83
2025-04-28,Server_B,DB_Inventory,20.83
2025-04-28,Server_A,DB_Analytics,31.23
2025-04-28,Server_B,DB_Finance,32.6
2025-04-28,Server_C,DB_HR,27.68
2025-04-28,Server_C,DB_Finance,33.49
2025-04-29,Server_C,DB_Analytics,21.88
2025-04-29,Server_A,DB_Analytics,34.81
2025-05-01,Server_A,DB_Analytics,23.34
2025-05-02,Server_B,DB_HR,28.61
2025-05-07,Server_A,DB_HR,22.43
2025-05-07,Server_A,DB_HR,31.89
2025-05-08,Server_A,DB_Finance,25.02
2025-05-09,Server_C,DB_Analytics,37.56
2025-05-09,Server_B,DB_Finance,22.54
2025-05-10,Server_A,DB_HR,33.54
2025-05-11,Server_A,DB_Inventory,34.41
2025-05-12,Server_C,DB_Sales,16.89
2025-05-12,Server_A,DB_Inventory,28.65
2025-05-12,Server_A,DB_Inventory,28.16
2025-05-13,Server_B,DB_Finance,34.96
2025-05-14,Server_C,DB_Finance,24.29
2025-05-15,Server_C,DB_Sales,34.94
2025-05-17,Server_C,DB_HR,29.07
2025-05-17,Server_B,DB_Finance,23.42
2025-05-17,Server_A,DB_Sales,28.68
2025-05-18,Server_C,DB_Analytics,37.7
2025-05-18,Server_C,DB_Finance,32.52
2025-05-21,Server_C,DB_Analytics,28.69
2025-05-22,Server_C,DB_Finance,34.1
2025-05-23,Server_A,DB_Inventory,23.26
2025-05-24,Server_C,DB_Finance,25.3
2025-05-25,Server_A,DB_Analytics,28.37
2025-05-25,Server_A,DB_Sales,26.77
2025-05-27,Server_C,DB_Sales,36.86
2025-05-28,Server_B,DB_Finance,21.27
2025-05-28,Server_A,DB_HR,25.73
2025-05-30,Server_C,DB_Inventory,27.74
2025-06-02,Server_A,DB_Finance,36.66
2025-06-02,Server_A,DB_Finance,30.69
2025-06-04,Server_B,DB_Inventory,36.42
2025-06-06,Server_A,DB_Analytics,36.42
2025-06-07,Server_A,DB_Inventory,28.21
2025-06-07,Server_A,DB_Inventory,29.67
2025-06-09,Server_C,DB_Finance,35.78
2025-06-09,Server_C,DB_Finance,19.32
2025-06-10,Server_B,DB_Finance,25.74
2025-06-10,Server_A,DB_Sales,17.31
2025-06-11,Server_C,DB_Inventory,17.16
2025-06-11,Server_B,DB_Sales,14.63
2025-06-11,Server_C,DB_Analytics,29.85
2025-06-14,Server_A,DB_Inventory,30.43
2025-06-16,Server_C,DB_Sales,16.08
2025-06-16,Server_B,DB_Inventory,20.61
2025-06-17,Server_C,DB_Finance,18.49
2025-06-18,Server_C,DB_HR,39.18
2025-06-19,Server_A,DB_Analytics,24.62
2025-06-22,Server_C,DB_Sales,25.76
2025-06-22,Server_A,DB_Finance,22.92
2025-06-24,Server_A,DB_Analytics,29.33
2025-06-24,Server_A,DB_Analytics,33.49
2025-06-24,Server_A,DB_Sales,24.27
2025-06-28,Server_C,DB_HR,36.28
2025-07-01,Server_A,DB_Analytics,31.26
2025-07-03,Server_A,DB_Finance,30.18
2025-07-03,Server_A,DB_HR,29.79
2025-07-04,Server_A,DB_Inventory,26.38
2025-07-04,Server_C,DB_Inventory,27.59
2025-07-06,Server_B,DB_Analytics,35.9
2025-07-07,Server_C,DB_Sales,21.09
2025-07-09,Server_A,DB_Inventory,23.74
2025-07-10,Server_C,DB_Inventory,14.7
2025-07-10,Server_C,DB_Analytics,38.0
2025-07-12,Server_A,DB_HR,30.79
2025-07-14,Server_A,DB_Sales,29.33
2025-07-16,Server_A,DB_Inventory,17.75
2025-07-18,Server_C,DB_Analytics,27.99
2025-07-19,Server_B,DB_Analytics,27.89
2025-07-19,Server_C,DB_Analytics,22.81
2025-07-19,Server_A,DB_HR,34.67
2025-07-20,Server_B,DB_Sales,19.31
2025-07-26,Server_A,DB_Sales,28.35
2025-07-26,Server_A,DB_Sales,32.38
2025-07-28,Server_A,DB_Inventory,34.37
2025-07-30,Server_C,DB_HR,30.45
2025-07-30,Server_C,DB_Finance,20.49
2025-07-30,Server_C,DB_Finance,35.37
2025-07-31,Server_C,DB_Inventory,33.82
